DM_4CRSOL,0.0002199927216705136
DM_5DRIB,2.1649122807017567
DM_AACALD,0.0
DM_AMOB,1.8950737370830122e-06
DM_MTHTHF,10.189130434782609
DM_OXAM,18.599999999999888
Ec_biomass_iJO1366_WT_53p95M,0.9865144469529753
Ec_biomass_iJO1366_core_53p95M,0.9823718127269797
EX_12ppd_DASH_R_LPAREN_e_RPAREN_,14.28793103448275
EX_12ppd_DASH_S_LPAREN_e_RPAREN_,14.055555555555497
EX_14glucan_LPAREN_e_RPAREN_,0.0
EX_15dap_LPAREN_e_RPAREN_,7.832592592592596
EX_23camp_LPAREN_e_RPAREN_,1.7256332301709644e-31
EX_23ccmp_LPAREN_e_RPAREN_,-1.613410395485612e-30
EX_23cgmp_LPAREN_e_RPAREN_,0.0
EX_23cump_LPAREN_e_RPAREN_,0.0
EX_23dappa_LPAREN_e_RPAREN_,0.0
EX_26dap_DASH_M_LPAREN_e_RPAREN_,0.0
EX_2ddglcn_LPAREN_e_RPAREN_,0.0
EX_34dhpac_LPAREN_e_RPAREN_,0.0
EX_3amp_LPAREN_e_RPAREN_,1.9742652833343796e-30
EX_3cmp_LPAREN_e_RPAREN_,-6.45060237651632e-31
EX_3gmp_LPAREN_e_RPAREN_,1.9721522630525282e-31
EX_3hcinnm_LPAREN_e_RPAREN_,0.0
EX_3hpp_LPAREN_e_RPAREN_,12.550913838120112
EX_3hpppn_LPAREN_e_RPAREN_,0.0
EX_3ump_LPAREN_e_RPAREN_,-1.0518145402946813e-30
EX_4abut_LPAREN_e_RPAREN_,12.036590436590444
EX_4hoxpacd_LPAREN_e_RPAREN_,0.0
EX_5dglcn_LPAREN_e_RPAREN_,10.0
EX_5mtr_LPAREN_e_RPAREN_,2.7882830626450104
EX_LalaDglu_LPAREN_e_RPAREN_,0.0
EX_LalaDgluMdap_LPAREN_e_RPAREN_,3.3128876636802156
EX_LalaDgluMdapDala_LPAREN_e_RPAREN_,2.8424731182795764
EX_LalaLglu_LPAREN_e_RPAREN_,0.0
EX_ac_LPAREN_e_RPAREN_,29.09346733668336
EX_acac_LPAREN_e_RPAREN_,0.0
EX_acald_LPAREN_e_RPAREN_,23.770909090909086
EX_acgal_LPAREN_e_RPAREN_,0.0
EX_acgal1p_LPAREN_e_RPAREN_,0.0
EX_acgam_LPAREN_e_RPAREN_,-1.2325951644078282e-32
EX_acgam1p_LPAREN_e_RPAREN_,0.0
EX_acmana_LPAREN_e_RPAREN_,0.0
EX_acmum_LPAREN_e_RPAREN_,0.0
EX_acnam_LPAREN_e_RPAREN_,0.0
EX_acolipa_LPAREN_e_RPAREN_,0.2727158948685859
EX_acser_LPAREN_e_RPAREN_,11.93831775700935
EX_ade_LPAREN_e_RPAREN_,10.974885844748803
EX_adn_LPAREN_e_RPAREN_,5.538018433179711
EX_adocbl_LPAREN_e_RPAREN_,0.0
EX_ag_LPAREN_e_RPAREN_,0.0
EX_agm_LPAREN_e_RPAREN_,8.738842975206602
EX_akg_LPAREN_e_RPAREN_,12.894432071269502
EX_ala_DASH_B_LPAREN_e_RPAREN_,0.0
EX_ala_DASH_D_LPAREN_e_RPAREN_,14.566666666666624
EX_ala_DASH_L_LPAREN_e_RPAREN_,19.999999999999947
EX_alaala_LPAREN_e_RPAREN_,7.283333333333336
EX_all_DASH_D_LPAREN_e_RPAREN_,0.0
EX_alltn_LPAREN_e_RPAREN_,15.456338028169048
EX_amp_LPAREN_e_RPAREN_,6.1780688240523014e-30
EX_anhgm_LPAREN_e_RPAREN_,2.773802654356606
EX_arab_DASH_L_LPAREN_e_RPAREN_,0.0
EX_arbt_LPAREN_e_RPAREN_,0.0
EX_arbtn_LPAREN_e_RPAREN_,0.0
EX_arbtn_DASH_fe3_LPAREN_e_RPAREN_,0.0
EX_arg_DASH_L_LPAREN_e_RPAREN_,8.667213114754087
EX_ascb_DASH_L_LPAREN_e_RPAREN_,0.0
EX_asn_DASH_L_LPAREN_e_RPAREN_,17.3344262295082
EX_aso3_LPAREN_e_RPAREN_,0.0
EX_asp_DASH_L_LPAREN_e_RPAREN_,18.550877192982462
EX_btn_LPAREN_e_RPAREN_,-3.585731387368235e-31
EX_but_LPAREN_e_RPAREN_,-3.9443045261050516e-31
EX_butso3_LPAREN_e_RPAREN_,0.0
EX_ca2_LPAREN_e_RPAREN_,0.0
EX_cbi_LPAREN_e_RPAREN_,0.0
EX_cbl1_LPAREN_e_RPAREN_,0.0
EX_cd2_LPAREN_e_RPAREN_,0.0
EX_cgly_LPAREN_e_RPAREN_,7.048387096774206
EX_chol_LPAREN_e_RPAREN_,0.0
EX_chtbs_LPAREN_e_RPAREN_,1.5777218104420222e-30
EX_cit_LPAREN_e_RPAREN_,11.649094567404436
EX_cl_LPAREN_e_RPAREN_,0.0
EX_cm_LPAREN_e_RPAREN_,0.0
EX_cmp_LPAREN_e_RPAREN_,0.0
EX_co2_LPAREN_e_RPAREN_,60.000000000000014
EX_cobalt2_LPAREN_e_RPAREN_,0.0
EX_colipa_LPAREN_e_RPAREN_,0.28013713306192517
EX_colipap_LPAREN_e_RPAREN_,0.204416995661182
EX_cpgn_LPAREN_e_RPAREN_,0.0
EX_cpgn_DASH_un_LPAREN_e_RPAREN_,0.0
EX_crn_LPAREN_e_RPAREN_,0.0
EX_crn_DASH_D_LPAREN_e_RPAREN_,0.0
EX_csn_LPAREN_e_RPAREN_,0.0
EX_cu_LPAREN_e_RPAREN_,0.0
EX_cu2_LPAREN_e_RPAREN_,0.0
EX_cyan_LPAREN_e_RPAREN_,0.0
EX_cynt_LPAREN_e_RPAREN_,0.0
EX_cys_DASH_D_LPAREN_e_RPAREN_,0.0
EX_cys_DASH_L_LPAREN_e_RPAREN_,10.427331887201731
EX_cytd_LPAREN_e_RPAREN_,6.3922872340425565
EX_dad_DASH_2_LPAREN_e_RPAREN_,0.0
EX_damp_LPAREN_e_RPAREN_,0.0
EX_dca_LPAREN_e_RPAREN_,0.0
EX_dcmp_LPAREN_e_RPAREN_,0.0
EX_dcyt_LPAREN_e_RPAREN_,0.0
EX_ddca_LPAREN_e_RPAREN_,0.0
EX_dgmp_LPAREN_e_RPAREN_,0.0
EX_dgsn_LPAREN_e_RPAREN_,0.0
EX_dha_LPAREN_e_RPAREN_,18.796153846153846
EX_dimp_LPAREN_e_RPAREN_,0.0
EX_din_LPAREN_e_RPAREN_,0.0
EX_dms_LPAREN_e_RPAREN_,0.0
EX_dmso_LPAREN_e_RPAREN_,0.0
EX_dopa_LPAREN_e_RPAREN_,0.0
EX_doxrbcn_LPAREN_e_RPAREN_,0.0
EX_dtmp_LPAREN_e_RPAREN_,-9.860761315262659e-32
EX_dump_LPAREN_e_RPAREN_,0.0
EX_duri_LPAREN_e_RPAREN_,0.0
EX_eca4colipa_LPAREN_e_RPAREN_,0.18886879087240857
EX_enlipa_LPAREN_e_RPAREN_,0.40690943043884187
EX_enter_LPAREN_e_RPAREN_,1.8009759498082965
EX_etha_LPAREN_e_RPAREN_,14.264094955489657
EX_ethso3_LPAREN_e_RPAREN_,0.0
EX_etoh_LPAREN_e_RPAREN_,20.0
EX_f6p_LPAREN_e_RPAREN_,0.0
EX_fald_LPAREN_e_RPAREN_,0.0
EX_fe2_LPAREN_e_RPAREN_,97.62105263157903
EX_fe3_LPAREN_e_RPAREN_,1000.0000000000001
EX_fe3dcit_LPAREN_e_RPAREN_,0.0
EX_fe3dhbzs_LPAREN_e_RPAREN_,0.0
EX_fe3hox_LPAREN_e_RPAREN_,0.0
EX_fe3hox_DASH_un_LPAREN_e_RPAREN_,0.0
EX_fecrm_LPAREN_e_RPAREN_,0.0
EX_fecrm_DASH_un_LPAREN_e_RPAREN_,0.0
EX_feenter_LPAREN_e_RPAREN_,1.8009759498082947
EX_feoxam_LPAREN_e_RPAREN_,0.0
EX_feoxam_DASH_un_LPAREN_e_RPAREN_,0.0
EX_for_LPAREN_e_RPAREN_,103.73999999999995
EX_fru_LPAREN_e_RPAREN_,0.0
EX_frulys_LPAREN_e_RPAREN_,0.0
EX_fruur_LPAREN_e_RPAREN_,0.0
EX_fuc_DASH_L_LPAREN_e_RPAREN_,0.0
EX_fum_LPAREN_e_RPAREN_,0.0
EX_fusa_LPAREN_e_RPAREN_,0.0
EX_g1p_LPAREN_e_RPAREN_,0.0
EX_g3pc_LPAREN_e_RPAREN_,0.0
EX_g3pe_LPAREN_e_RPAREN_,7.464285714285714
EX_g3pg_LPAREN_e_RPAREN_,6.549046321525872
EX_g3pi_LPAREN_e_RPAREN_,0.0
EX_g3ps_LPAREN_e_RPAREN_,4.141519752410312e-31
EX_g6p_LPAREN_e_RPAREN_,0.0
EX_gal_LPAREN_e_RPAREN_,0.0
EX_gal_DASH_bD_LPAREN_e_RPAREN_,0.0
EX_gal1p_LPAREN_e_RPAREN_,0.0
EX_galct_DASH_D_LPAREN_e_RPAREN_,0.0
EX_galctn_DASH_D_LPAREN_e_RPAREN_,0.0
EX_galctn_DASH_L_LPAREN_e_RPAREN_,0.0
EX_galt_LPAREN_e_RPAREN_,0.0
EX_galur_LPAREN_e_RPAREN_,0.0
EX_gam_LPAREN_e_RPAREN_,0.0
EX_gam6p_LPAREN_e_RPAREN_,0.0
EX_gbbtn_LPAREN_e_RPAREN_,0.0
EX_gdp_LPAREN_e_RPAREN_,0.0
EX_glc_LPAREN_e_RPAREN_,-0.13404255319148817
EX_glcn_LPAREN_e_RPAREN_,10.000000000000002
EX_glcr_LPAREN_e_RPAREN_,0.0
EX_glcur_LPAREN_e_RPAREN_,0.0
EX_glcur1p_LPAREN_e_RPAREN_,0.0
EX_gln_DASH_L_LPAREN_e_RPAREN_,-2.465190328815663e-32
EX_glu_DASH_L_LPAREN_e_RPAREN_,11.937319587628867
EX_gly_LPAREN_e_RPAREN_,27.94222222222231
EX_glyald_LPAREN_e_RPAREN_,17.623333333333353
EX_glyb_LPAREN_e_RPAREN_,0.0
EX_glyc_LPAREN_e_RPAREN_,15.65798045602605
EX_glyc_DASH_R_LPAREN_e_RPAREN_,15.647567567567563
EX_glyc2p_LPAREN_e_RPAREN_,-6.145760056952117e-16
EX_glyc3p_LPAREN_e_RPAREN_,11.667475728155326
EX_glyclt_LPAREN_e_RPAREN_,29.093467336683396
EX_gmp_LPAREN_e_RPAREN_,2.629536350736703e-31
EX_gsn_LPAREN_e_RPAREN_,2.629536350736703e-31
EX_gthox_LPAREN_e_RPAREN_,0.0
EX_gthrd_LPAREN_e_RPAREN_,4.5381974248927035
EX_gtp_LPAREN_e_RPAREN_,0.0
EX_gua_LPAREN_e_RPAREN_,11.390995260663479
EX_h_LPAREN_e_RPAREN_,104.98947368421136
EX_h2_LPAREN_e_RPAREN_,0.0
EX_h2o_LPAREN_e_RPAREN_,616.9549763033176
EX_h2o2_LPAREN_e_RPAREN_,0.0
EX_h2s_LPAREN_e_RPAREN_,21.646808510638266
EX_hacolipa_LPAREN_e_RPAREN_,1.5777218104419292e-30
EX_halipa_LPAREN_e_RPAREN_,1.8031106405051687e-30
EX_hdca_LPAREN_e_RPAREN_,1.8031106405051687e-30
EX_hdcea_LPAREN_e_RPAREN_,2.1511160636565148e-45
EX_hg2_LPAREN_e_RPAREN_,0.0
EX_his_DASH_L_LPAREN_e_RPAREN_,8.738842975206595
EX_hom_DASH_L_LPAREN_e_RPAREN_,13.206043956043981
EX_hxa_LPAREN_e_RPAREN_,7.500000000000004
EX_hxan_LPAREN_e_RPAREN_,11.667475728155331
EX_idon_DASH_L_LPAREN_e_RPAREN_,9.999999999999998
EX_ile_DASH_L_LPAREN_e_RPAREN_,7.4464788732394345
EX_imp_LPAREN_e_RPAREN_,-1.9721522630525286e-31
EX_indole_LPAREN_e_RPAREN_,5.610206297502703
EX_inost_LPAREN_e_RPAREN_,0.0
EX_ins_LPAREN_e_RPAREN_,5.743130227001192
EX_isetac_LPAREN_e_RPAREN_,0.0
EX_k_LPAREN_e_RPAREN_,0.0
EX_kdo2lipid4_LPAREN_e_RPAREN_,0.5549235993208828
EX_lac_DASH_D_LPAREN_e_RPAREN_,20.0
EX_lac_DASH_L_LPAREN_e_RPAREN_,17.623333333333314
EX_lcts_LPAREN_e_RPAREN_,0.0
EX_leu_DASH_L_LPAREN_e_RPAREN_,7.674193548387097
EX_lipa_LPAREN_e_RPAREN_,0.41610439210693784
EX_lipa_cold_LPAREN_e_RPAREN_,0.40116600184105516
EX_lipoate_LPAREN_e_RPAREN_,9.933641668615063e-21
EX_lys_DASH_L_LPAREN_e_RPAREN_,7.83259259259259
EX_lyx_DASH_L_LPAREN_e_RPAREN_,0.0
EX_mal_DASH_D_LPAREN_e_RPAREN_,0.0
EX_mal_DASH_L_LPAREN_e_RPAREN_,18.411538461538452
EX_malt_LPAREN_e_RPAREN_,0.0
EX_malthx_LPAREN_e_RPAREN_,0.0
EX_maltpt_LPAREN_e_RPAREN_,0.0
EX_malttr_LPAREN_e_RPAREN_,0.0
EX_maltttr_LPAREN_e_RPAREN_,0.0
EX_man_LPAREN_e_RPAREN_,0.0
EX_man6p_LPAREN_e_RPAREN_,0.0
EX_manglyc_LPAREN_e_RPAREN_,0.0
EX_melib_LPAREN_e_RPAREN_,0.0
EX_meoh_LPAREN_e_RPAREN_,9.381650036610209e-10
EX_met_DASH_D_LPAREN_e_RPAREN_,0.0
EX_met_DASH_L_LPAREN_e_RPAREN_,0.0
EX_metsox_DASH_R_DASH_L_LPAREN_e_RPAREN_,0.0
EX_metsox_DASH_S_DASH_L_LPAREN_e_RPAREN_,0.0
EX_mg2_LPAREN_e_RPAREN_,0.0
EX_mincyc_LPAREN_e_RPAREN_,0.0
EX_minohp_LPAREN_e_RPAREN_,-3.016092617191805e-17
EX_mmet_LPAREN_e_RPAREN_,0.0
EX_mn2_LPAREN_e_RPAREN_,0.0
EX_mnl_LPAREN_e_RPAREN_,0.0
EX_mobd_LPAREN_e_RPAREN_,0.0
EX_mso3_LPAREN_e_RPAREN_,6.018531076210111e-36
EX_n2o_LPAREN_e_RPAREN_,0.0
EX_na1_LPAREN_e_RPAREN_,0.0
EX_nac_LPAREN_e_RPAREN_,0.0
EX_nh4_LPAREN_e_RPAREN_,-3.922895150816747e-15
EX_ni2_LPAREN_e_RPAREN_,0.0
EX_nmn_LPAREN_e_RPAREN_,0.0
EX_no_LPAREN_e_RPAREN_,0.0
EX_no2_LPAREN_e_RPAREN_,0.0
EX_no3_LPAREN_e_RPAREN_,0.0
EX_novbcn_LPAREN_e_RPAREN_,0.0
EX_o16a4colipa_LPAREN_e_RPAREN_,0.0
EX_o2_LPAREN_e_RPAREN_,2.90651760343809e-14
EX_o2s_LPAREN_e_RPAREN_,0.0
EX_ocdca_LPAREN_e_RPAREN_,0.0
EX_ocdcea_LPAREN_e_RPAREN_,0.0
EX_octa_LPAREN_e_RPAREN_,0.0
EX_orn_LPAREN_e_RPAREN_,9.612727272727277
EX_orot_LPAREN_e_RPAREN_,0.0
EX_pacald_LPAREN_e_RPAREN_,-9.244463733058732e-33
EX_peamn_LPAREN_e_RPAREN_,-9.244463733058732e-33
EX_phe_DASH_L_LPAREN_e_RPAREN_,5.507291666666668
EX_pheme_LPAREN_e_RPAREN_,1.3573999999999546
EX_pi_LPAREN_e_RPAREN_,-6.709410451645067e-15
EX_pnto_DASH_R_LPAREN_e_RPAREN_,0.0
EX_ppa_LPAREN_e_RPAREN_,0.0
EX_ppal_LPAREN_e_RPAREN_,0.0
EX_pppn_LPAREN_e_RPAREN_,0.0
EX_ppt_LPAREN_e_RPAREN_,-1.1832913578315177e-30
EX_pro_DASH_L_LPAREN_e_RPAREN_,10.129850746268662
EX_progly_LPAREN_e_RPAREN_,0.0
EX_psclys_LPAREN_e_RPAREN_,0.0
EX_pser_DASH_L_LPAREN_e_RPAREN_,0.0
EX_ptrc_LPAREN_e_RPAREN_,9.700917431192648
EX_pydam_LPAREN_e_RPAREN_,0.0
EX_pydx_LPAREN_e_RPAREN_,0.0
EX_pydxn_LPAREN_e_RPAREN_,0.0
EX_pyr_LPAREN_e_RPAREN_,23.292063492063484
EX_quin_LPAREN_e_RPAREN_,8.081034482758621
EX_r5p_LPAREN_e_RPAREN_,0.0
EX_rfamp_LPAREN_e_RPAREN_,0.0
EX_rib_DASH_D_LPAREN_e_RPAREN_,0.0
EX_rmn_LPAREN_e_RPAREN_,8.217301096052214e-31
EX_sbt_DASH_D_LPAREN_e_RPAREN_,0.0
EX_sel_LPAREN_e_RPAREN_,0.0
EX_ser_DASH_D_LPAREN_e_RPAREN_,0.0
EX_ser_DASH_L_LPAREN_e_RPAREN_,21.155223880597013
EX_skm_LPAREN_e_RPAREN_,0.0
EX_slnt_LPAREN_e_RPAREN_,0.0
EX_so2_LPAREN_e_RPAREN_,0.0
EX_so3_LPAREN_e_RPAREN_,0.0
EX_so4_LPAREN_e_RPAREN_,0.0
EX_spmd_LPAREN_e_RPAREN_,2.7882830626450144
EX_succ_LPAREN_e_RPAREN_,17.096428571428568
EX_sucr_LPAREN_e_RPAREN_,0.0
EX_sulfac_LPAREN_e_RPAREN_,8.857310502154436e-33
EX_tartr_DASH_D_LPAREN_e_RPAREN_,0.0
EX_tartr_DASH_L_LPAREN_e_RPAREN_,0.0
EX_taur_LPAREN_e_RPAREN_,-9.86076131526265e-32
EX_tcynt_LPAREN_e_RPAREN_,0.0
EX_thm_LPAREN_e_RPAREN_,-2.4996995766618675e-31
EX_thr_DASH_L_LPAREN_e_RPAREN_,12.852941176470573
EX_thrp_LPAREN_e_RPAREN_,0.0
EX_thym_LPAREN_e_RPAREN_,10.901030927835057
EX_thymd_LPAREN_e_RPAREN_,5.340404040404045
EX_tma_LPAREN_e_RPAREN_,0.0
EX_tmao_LPAREN_e_RPAREN_,0.0
EX_tre_LPAREN_e_RPAREN_,0.0
EX_trp_DASH_L_LPAREN_e_RPAREN_,4.622115384615381
EX_tsul_LPAREN_e_RPAREN_,0.0
EX_ttdca_LPAREN_e_RPAREN_,0.0
EX_ttdcea_LPAREN_e_RPAREN_,0.0
EX_ttrcyc_LPAREN_e_RPAREN_,0.0
EX_tungs_LPAREN_e_RPAREN_,0.0
EX_tym_LPAREN_e_RPAREN_,0.0
EX_tyr_DASH_L_LPAREN_e_RPAREN_,5.71567567567567
EX_tyrp_LPAREN_e_RPAREN_,0.0
EX_uacgam_LPAREN_e_RPAREN_,1.170965406187432e-30
EX_udpacgal_LPAREN_e_RPAREN_,0.0
EX_udpg_LPAREN_e_RPAREN_,0.0
EX_udpgal_LPAREN_e_RPAREN_,0.0
EX_udpglcur_LPAREN_e_RPAREN_,0.0
EX_ump_LPAREN_e_RPAREN_,3.5032461608120435e-46
EX_ura_LPAREN_e_RPAREN_,17.334426229508207
EX_urea_LPAREN_e_RPAREN_,30.96042780748677
EX_uri_LPAREN_e_RPAREN_,6.799151343705797
EX_val_DASH_L_LPAREN_e_RPAREN_,9.999999999995756
EX_xan_LPAREN_e_RPAREN_,12.739759036144772
EX_xmp_LPAREN_e_RPAREN_,0.0
EX_xtsn_LPAREN_e_RPAREN_,5.993765586034911
EX_xyl_DASH_D_LPAREN_e_RPAREN_,0.0
EX_xylu_DASH_L_LPAREN_e_RPAREN_,0.0
EX_zn2_LPAREN_e_RPAREN_,0.0
12DGR120tipp,103.04444444444496
12DGR140tipp,103.04444444444498
12DGR141tipp,103.04444444444472
12DGR160tipp,103.04444444444495
12DGR161tipp,103.04444444444495
12DGR180tipp,103.04444444444495
12DGR181tipp,103.04444444444518
12PPDRtex,0.0
12PPDRtpp,0.0
12PPDStex,0.0
12PPDStpp,0.0
14GLUCANabcpp,0.0
14GLUCANtexi,0.0
23CAMPtex,0.0
23CCMPtex,0.0
23CGMPtex,0.0
23CUMPtex,0.0
23DAPPAt2pp,0.0
23DAPPAtex,0.0
23PDE2pp,0.0
23PDE4pp,0.0
23PDE7pp,0.0
23PDE9pp,0.0
26DAHtex,0.0
2AGPA120tipp,54.55294117647055
2AGPA140tipp,54.55294117647863
2AGPA141tipp,54.552941176470654
2AGPA160tipp,54.55294117647066
2AGPA161tipp,54.55294117647075
2AGPA180tipp,54.5529411764706
2AGPA181tipp,54.55294117647057
2AGPE120tipp,77.28333333333329
2AGPE140tipp,77.28333333333276
2AGPE141tipp,77.28333333333329
2AGPE160tipp,77.28333333333345
2AGPE161tipp,77.28333333332868
2AGPE180tipp,77.28333333333376
2AGPE181tipp,77.28333333333448
2AGPEAT120,77.2833333333348
2AGPEAT140,77.28333333333333
2AGPEAT141,77.28333333333332
2AGPEAT160,77.28333333333333
2AGPEAT161,77.28333333333333
2AGPEAT180,77.2833333333335
2AGPEAT181,77.28333333333327
2AGPG120tipp,77.28333333333336
2AGPG140tipp,77.2833333333334
2AGPG141tipp,77.28333333333357
2AGPG160tipp,77.28333333333335
2AGPG161tipp,77.28333333333354
2AGPG180tipp,77.2833333333334
2AGPG181tipp,77.28333333333335
2AGPGAT120,77.28333333333333
2AGPGAT140,77.28333333333335
2AGPGAT141,77.28333333333335
2AGPGAT160,77.28333333333362
2AGPGAT161,77.28333333333362
2AGPGAT180,77.28333333333364
2AGPGAT181,77.28333333333356
2DGULRGx,0.0
2DGULRGy,0.0
2DGULRx,0.0
2DGULRy,0.0
2MAHMP,231.85000000000085
34dhpactex,0.0
3AMACHYD,12.550913838120136
3AMPtex,0.0
3CMPtex,0.0
3GMPtex,0.0
3HAD100,19.53402061855669
3HAD120,32.11525423728807
3HAD121,17.70841121495259
3HAD140,32.11525423728703
3HAD141,17.708411214953266
3HAD160,32.115254237288134
3HAD161,32.115254237288134
3HAD180,32.115254237288106
3HAD181,32.11525423728814
3HAD40,9.333990147782325
3HAD60,9.333990147782325
3HAD80,9.333990147782325
3HCINNMH,0.0
3HPPPNH,0.0
3HPPtex,0.0
3HPPtpp,12.550913838119783
3KGK,0.0
3NTD2pp,0.0
3NTD4pp,0.0
3NTD7pp,0.0
3NTD9pp,0.0
3OAR100,19.53402061855683
3OAR120,32.115254237288376
3OAR121,17.70841121495337
3OAR140,32.1152542372884
3OAR141,17.70841121495327
3OAR160,32.11525423728815
3OAR161,32.11525423728812
3OAR180,32.115254237287274
3OAR181,32.11525423728815
3OAR40,9.333990147783247
3OAR60,9.333990147783247
3OAR80,9.333990147783247
3OAS100,19.53402061855669
3OAS120,32.11525423728815
3OAS121,17.708411214953422
3OAS140,32.115254237287914
3OAS141,17.708411214953305
3OAS160,32.11525423728801
3OAS161,32.11525423728792
3OAS180,32.11525423728802
3OAS181,32.1152542372884
3OAS60,9.33399014779047
3OAS80,9.33399014779047
3OXCOAT,0.0
3PEPTabcpp,22.081196581196426
3PEPTtex,0.0
3UMPtex,0.0
42A12BOOXpp,0.0
4HOXPACDtex,0.0
4HTHRS,0.0
4PCP,23.593607305935926
4PCPpp,21.176229508196602
4PEPTabcpp,21.61924686192457
4PEPTtex,0.0
5DGLCNR,0.0
5DGLCNt2rpp,0.0
5DGLCNtex,0.0
5DOAN,2.164912280701754
5MTRtex,0.0
5MTRtpp,2.7882830626450006
A5PISO,1.1098471988651981
AACPS1,231.85000000000082
AACPS2,231.8500000000008
AACPS3,231.85000000000082
AACPS4,231.85000000000082
AACPS5,231.85000000000082
AACPS6,231.85000000000082
AACPS7,231.8500000000012
AACPS8,231.85000000000082
AACPS9,231.84999999999997
AACTOOR,55.33636363636366
AADDGT,0.7554751634896337
AAMYL,0.0
AAMYLpp,0.0
AB6PGH,0.0
ABTA,55.7724137931033
ABUTD,41.47179487179493
ABUTt2pp,1000.0
ABUTtex,0.0
ACACCT,0.0
ACACT1r,7.500000000000224
ACACT2r,7.500000000000248
ACACT3r,2.4966263526412873
ACACT4r,2.4966263526412455
ACACT5r,2.4966263526412455
ACACT6r,0.8023320036820166
ACACT7r,0.4011660018410089
ACACT8r,32.115254237286045
ACACt2pp,0.0
ACACtex,0.0
ACALD,508.7000000000067
ACALDtex,0.0
ACALDtpp,0.0
ACANTHAT,0.0
ACBIPGT,0.0
ACCOAC,231.84999999999977
ACCOAL,1000.0
ACGAL1PPpp,0.0
ACGAL1Ptex,0.0
ACGALtex,0.0
ACGAM1PPpp,0.0
ACGAM1Ptex,0.0
ACGAMK,24.14485981308753
ACGAMT,0.7554751634896304
ACGAptspp,0.0
ACGAtex,0.0
ACGK,101.73999999999955
ACGS,101.73999999999955
ACHBS,7.446478873239441
ACKr,231.85000000000034
ACLS,10.000000000000004
ACM6PH,24.144859813084093
ACMAMUT,0.7554751634896629
ACMANAptspp,0.0
ACMANAtex,0.0
ACMUMptspp,0.0
ACMUMtex,0.0
ACNAMt2pp,0.0
ACNAMtex,0.0
ACNML,0.0
ACOAD1f,9.333990147783252
ACOAD2f,9.333990147783252
ACOAD3f,9.333990147783252
ACOAD4f,19.534020618556724
ACOAD5f,32.115254237288255
ACOAD6f,32.11525423728816
ACOAD7f,32.115254237288
ACOAD8f,32.11525423728807
ACOATA,9.333990147783052
ACODA,50.30833333333261
ACOLIPAabctex,0.2727158948684766
ACONIs,0.0
ACONMT,0.0
ACONTa,93.82666666666502
ACONTb,93.82666666666502
ACOTA,0.0
ACPPAT120,231.84999999997225
ACPPAT140,231.8499999999724
ACPPAT141,231.84999999998576
ACPPAT160,231.84999999997248
ACPPAT161,231.84999999997254
ACPPAT180,231.84999999998692
ACPPAT181,231.84999999999857
ACPS1,0.0
ACS,1000.0
ACSERtex,0.0
ACSERtpp,11.938317757011852
ACt2rpp,0.0
ACt4pp,1000.0
ACtex,0.0
ADA,101.7399999999997
ADCL,0.0008799708866820215
ADCS,0.0008799708866820215
ADD,101.73999999999853
ADEt2rpp,0.0
ADEtex,0.0
ADK1,1000.0
ADK3,1000.0
ADK4,0.0
ADMDC,2.788283062645003
ADNCYC,231.8500000000164
ADNK1,231.85000000004982
ADNUC,231.84999999999988
ADNt2pp,1000.0
ADNt2rpp,0.0
ADNtex,0.0
ADOCBIK,0.0
ADOCBLS,0.0
ADOCBLabcpp,0.0
ADOCBLtonex,0.0
ADPRDP,57.96249999999887
ADPT,231.84999999999562
ADSK,21.646808510638436
ADSL1r,101.74000000000171
ADSL2r,22.39591836734708
ADSS,101.73999999999354
AGDC,48.28971962616754
AGM3PA,24.14485981308377
AGM3PApp,22.081196581196007
AGM3PH,24.14485981308377
AGM3Pt2pp,24.14485981308349
AGM4PA,23.59360730593547
AGM4PApp,21.61924686192443
AGM4PCP,23.59360730593554
AGM4PCPpp,23.066964285713755
AGM4PH,23.593607305935993
AGM4Pt2pp,23.593607305935524
AGMH,24.14485981308425
AGMHE,1.1205485322470246
AGMT,30.960427807485146
AGMt2pp,22.08119658119662
AGMtex,0.0
AGPAT120,54.55294117647217
AGPAT140,54.552941176521706
AGPAT141,54.55294117647043
AGPAT160,54.55294117647157
AGPAT161,54.55294117647056
AGPAT180,54.55294117647045
AGPAT181,54.55294117647036
AGPR,0.0
AGt3,0.0
AHCYSNS,10.189130434782776
AICART,22.39591836734695
AIRC2,22.395918367346923
AIRC3,-5.998758359402015e-16
AKGDH,59.90370370370134
AKGt2rpp,0.0
AKGtex,0.0
ALAALAD,231.8500000000192
ALAALAabcpp,24.144859813078206
ALAALAr,231.84999999999454
ALAALAtex,0.0
ALAGLUE,20.342519685043907
ALAR,508.69999999999925
ALATA_D2,508.69999999999925
ALATA_L,1000.0
ALATA_L2,508.69999999999243
ALATRS,0.0
ALAabcpp,309.1333333333327
ALAt2pp,1000.0
ALAt2rpp,0.0
ALAt4pp,1000.0
ALAtex,0.0
ALCD19,0.0
ALCD2x,0.0
ALDD19xr,0.0
ALDD2x,231.84999999999985
ALDD2y,231.84999999999974
ALDD3y,0.0
ALDD4,4.733165431326064e-30
ALLK,0.0
ALLPI,0.0
ALLTAMH,22.39591836734698
ALLTN,22.39591836734698
ALLTNt2rpp,0.0
ALLTNtex,0.0
ALLULPE,0.0
ALLabcpp,0.0
ALLtex,0.0
ALPATE160pp,0.0
ALPATG160pp,0.0
ALR2,14.055555555555607
ALR4x,14.055555555555607
ALTRH,0.0
AM3PA,24.14485981308412
AM4PA,23.59360730593998
AM4PCP,23.59360730593998
AMALT1,0.0
AMALT2,0.0
AMALT3,0.0
AMALT4,0.0
AMANAPEr,0.0
AMANK,0.0
AMAOTr,4.55239003338272e-07
AMMQLT8,0.0002199927216705145
AMPMS2,0.0002199927216705145
AMPN,231.8500000000015
AMPTASECG,54.55294117647086
AMPTASEPG,0.0
AMPtex,0.0
ANHGMtex,0.0
ANHMK,24.144859813084082
ANPRT,5.6102062975027245
ANS,5.6102062975027245
AOBUTDs,55.336363636357454
AOXSr2,1.3066035030935734e-06
AP4AH,231.85000000001233
AP4AS,231.85000000001233
AP5AH,0.0
APCS,0.0
APG3PAT120,54.55294117647029
APG3PAT140,54.55294117647051
APG3PAT141,54.55294117647283
APG3PAT160,54.552941176473695
APG3PAT161,54.55294117647014
APG3PAT180,54.552941176470014
APG3PAT181,54.552941176470114
APH120,231.84999999999727
APH140,231.8499999999974
APH141,231.85000000000022
APH160,231.85000000000187
APH161,231.8500000000019
APH180,231.85000000000187
APH181,231.85000000000193
APPLDHr,0.0
APRAUR,0.00043998544333517136
ARAI,0.0
ARBTNR1,37.09600000000606
ARBTNR2,37.0959999999872
ARBTNR3,37.095999999994675
ARBTNabcpp,74.19200000000282
ARBTNexs,74.19199999998935
ARBTNtex,74.19199999998935
ARBTNtonex,74.19200000000282
ARBTNtpp,74.19199999998935
ARBTptspp,0.0
ARBTtex,0.0
ARBabcpp,309.1333333333293
ARBt2rpp,463.70000000000266
ARBt3ipp,463.70000000000266
ARBtex,0.0
ARGAGMt7pp,8.738842975204896
ARGDC,30.960427807489197
ARGDCpp,30.31204188481928
ARGORNt7pp,463.69999999999595
ARGSL,42.39166666666633
ARGSS,42.39166666666633
ARGTRS,0.0
ARGabcpp,185.48000000002583
ARGt3pp,463.7000000000661
ARGtex,0.0
ASAD,-1.4835112559652103e-13
ASCBPL,0.0
ASCBptspp,0.0
ASCBtex,0.0
ASNN,231.85000000000827
ASNNpp,231.85000000000525
ASNS1,115.92500000000268
ASNS2,231.85000000000602
ASNTRS,0.0
ASNabcpp,309.13333333336584
ASNt2rpp,0.0
ASNtex,0.0
ASO3t8pp,0.0
ASO3tex,0.0
ASP1DC,0.0005682323232779785
ASPCT,17.334426229509333
ASPK,54.92987012987068
ASPO3,0.002248250418702913
ASPO4,0.002248250418702913
ASPO5,0.002248250418702913
ASPO6,0.002248266424609008
ASPT,508.6999999999956
ASPTA,1.7931943903166435e-11
ASPTRS,0.0
ASPabcpp,309.1333333333324
ASPt2_2pp,927.3999999999974
ASPt2_3pp,463.6999999999987
ASPt2pp,1000.0
ASPt2rpp,231.85000000000548
ASPtex,0.0
ASR,0.0
AST,42.39166666666687
ATHRDHr,0.0
ATPHs,101.7400000000022
ATPM,234.99999999999991
ATPPRT,8.738842975208378
ATPS4rpp,275.6166666666656
BALAt2pp,0.0
BALAtex,0.0
BETALDHx,0.0
BETALDHy,0.0
BMOCOS,0.00011984936115269179
BMOGDS1,0.00011984936115269179
BMOGDS2,0.00011984936115269179
BPNT,21.64680851063178
BSORx,0.0
BSORy,0.0
BTNt2ipp,-7.643411165000075e-21
BTNtex,-7.643411165000075e-21
BTS5,1.5967297070015886e-06
BUTCT,0.0
BUTSO3abcpp,0.0
BUTSO3tex,0.0
BUTt2rpp,0.0
BUTtex,0.0
BWCOGDS1,0.0
BWCOGDS2,0.0
BWCOS,0.0
CA2t3pp,1000.0
CA2tex,0.005113245285201629
CADVtpp,7.832592592593248
CAT,0.0
CAt6pp,0.0
CBIAT,0.0
CBItonex,0.0
CBIuabcpp,0.0
CBL1abcpp,0.0002199927216705009
CBL1tonex,0.0002199927216705009
CBLAT,0.0002199927216705009
CBMD,12.550913838120103
CBMKr,42.391666666666524
CBPS,115.92499999999202
CCGS,0.0
CD2abcpp,231.84999999998098
CD2t3pp,927.3999999999445
CD2tex,-1.1368683772161603e-13
CD2tpp,927.3999999999444
CDAPPA120,231.84999999998328
CDAPPA140,231.84999999998334
CDAPPA141,231.84999999998448
CDAPPA160,231.84999999998445
CDAPPA161,231.84999999998445
CDAPPA180,231.84999999998197
CDAPPA181,231.84999999998445
CDGR,0.0
CDGS,0.0
CDPMEK,0.006536644725510395
CFAS160E,0.0
CFAS160G,0.0
CFAS180E,0.0
CFAS180G,0.0
CGLYabcpp,54.552941176444314
CGLYtex,0.0
CHLabcpp,0.0
CHLt2pp,0.0
CHLtex,0.0
CHOLD,0.0
CHORM,5.715675675676731
CHORS,5.715675675677197
CHRPL,0.0002199927216704948
CHTBSptspp,0.0
CHTBStex,0.0
CINNDO,0.0
CITL,231.8499999999423
CITt3pp,309.1333333332808
CITt7pp,309.1333333332808
CITtex,0.0
CLIPAabctex,0.401166001841055
CLPNH120pp,57.962500000002855
CLPNH140pp,57.962500000002706
CLPNH141pp,57.962500000002905
CLPNH160pp,57.962500000003004
CLPNH161pp,57.962500000003004
CLPNH180pp,57.962500000003
CLPNH181pp,57.96250000000194
CLPNS120pp,57.96250000000289
CLPNS140pp,57.962500000002656
CLPNS141pp,57.962499999997476
CLPNS160pp,57.962499999997476
CLPNS161pp,57.962499999997476
CLPNS180pp,57.962499999997505
CLPNS181pp,57.96249999999751
CLt3_2pp,0.0025566226426218777
CLtex,0.0051132452852437555
CMPN,77.28333333334186
CMPtex,0.0
CMtex,927.4000000001014
CMtpp,927.4000000001014
CO2tex,43.74000000000479
CO2tpp,82.90270270270268
COBALT2abcpp,231.85000000003495
COBALT2t3pp,927.4000000001353
COBALT2tex,2.431877256805929e-05
COBALT2tpp,927.4000000000127
COLIPAKpp,0.20441699566117816
COLIPAPabctex,0.20441699566117816
COLIPAabcpp,0.28013713306191285
COLIPAabctex,0.2801371330619166
CPGNR1,37.0959999999962
CPGNR2,37.09599999999645
CPGNR3,37.09599999999669
CPGNUtex,74.19199999999334
CPGNUtpp,74.19199999999334
CPGNabcpp,74.19199999999223
CPGNexs,74.19199999999334
CPGNtonex,74.19199999999223
CPH4S,0.0
CPMPS,0.00024268255395044634
CPPPGO,1.3574000000000435
CPPPGO2,1.0824561403509114
CRNBTCT,0.0
CRNCAL2,0.0
CRNCAR,0.0
CRNCBCT,0.0
CRNCDH,0.0
CRNDCAL2,0.0
CRNDabcpp,309.1333333333237
CRNDt2rpp,1000.0
CRNDtex,0.0
CRNabcpp,309.1333333333315
CRNt2rpp,-2.2737367544323206e-13
CRNt7pp,0.0
CRNt8pp,999.9999999999998
CRNtex,-2.2737367544323206e-13
CS,251.84999999999712
CSND,77.28333333332736
CSNt2pp,0.0
CSNtex,0.0
CTBTCAL2,0.0
CTBTabcpp,309.1333333333105
CTBTt2rpp,1.0068931364012826e-11
CTECOAI6,17.708411214954115
CTECOAI7,32.1152542372897
CTECOAI8,32.11525423728969
CTPS2,77.28333333333364
CU1Opp,4.453712996395483e-34
CU1abcpp,0.0
CU2abcpp,231.8500000000032
CU2tex,0.0006965016152234867
CU2tpp,231.8499999999787
CUt3,0.0
CUtex,0.0
CYANST,0.0
CYANSTpp,0.0
CYANtex,0.0
CYNTAH,0.0
CYNTt2pp,0.0
CYNTtex,0.0
CYSDDS,0.0
CYSDS,74.81428571427485
CYSDabcpp,0.0
CYSDtex,0.0
CYSS,74.81428571427485
CYSSADS,0.0
CYSTL,2.7882830626453288
CYSTRS,0.0
CYSabc2pp,115.92499999999397
CYSabcpp,231.84999999998817
CYStex,2.2737367544323206e-13
CYStpp,231.84999999998794
CYTBD2pp,119.99999999999062
CYTBDpp,120.00000000000003
CYTBO3_4pp,120.00000000000001
CYTD,77.28333333333323
CYTDH,57.96249999999993
CYTDK2,231.8500000000006
CYTDt2pp,1000.0
CYTDt2rpp,0.0
CYTDtex,0.0
CYTK1,231.85000000000306
CYTK2,231.85000000000292
D_DASH_LACt2pp,0.0
D_DASH_LACtex,0.0
DAAD,59.474999999999056
DADA,101.7400000000008
DADK,231.85000000001395
DADNt2pp,0.0
DADNtex,0.0
DAGK120,231.85000000001395
DAGK140,231.85000000001395
DAGK141,231.85000000001395
DAGK160,231.85000000001398
DAGK161,231.8500000000141
DAGK180,231.8500000000141
DAGK181,231.8500000000141
DALAt2pp,46.13392857143096
DALAtex,0.0
DAMPtex,0.0
DAPAL,0.0
DAPDC,7.832592592590695
DAPE,7.832592592590695
DAPabcpp,0.0
DAPtex,0.0
DASYN120,231.85000000000036
DASYN140,231.85000000000036
DASYN141,231.85000000000036
DASYN160,231.85000000000036
DASYN161,231.85000000000036
DASYN180,231.85000000000036
DASYN181,231.85000000000036
DATPHs,45.92054794520474
DB4PS,0.0008799708866821084
DBTS,1.9730288939060725e-06
DC6PH,0.0
DCAtex,0.0
DCMPtex,0.0
DCTPD,42.43291139240439
DCYTD,50.032835820892714
DCYTt2pp,1.1764044649554248e-30
DCYTtex,0.0
DDCAtexi,0.0
DDGALK,0.0
DDGLCNt2rpp,0.0
DDGLCNtex,0.0
DDGLK,0.0
DDPA,8.081034482758445
DDPGALA,0.0
DGK1,231.8499999999968
DGMPtex,0.0
DGSNt2pp,0.0
DGSNtex,0.0
DHACOAH,0.0
DHAD1,9.999999999999998
DHAD2,7.446478873239166
DHAPT,129.6750000000001
DHAtex,0.0
DHAtpp,0.0
DHBD,5.402927849425021
DHBS,115.92500000000145
DHBSH,115.92500000000145
DHCIND,0.0
DHCINDO,0.0
DHDPRy,7.832592592593338
DHDPS,7.832592592593338
DHFR,10.901030927835036
DHFS,0.0008799708866820237
DHMPTR,0.0
DHNAOT4,0.00043998544334100995
DHNCOAS,0.00043998544334100995
DHNCOAT,0.00043998544334100995
DHNPA2r,0.0008799708866820237
DHNPTE,0.0
DHORD2,17.334426229505745
DHORD5,17.33442622950813
DHORDfum,17.33442622950813
DHORTS,-8.874402834162864e-13
DHPPD,0.0
DHPPDA2,0.00043998544334101743
DHPS2,0.0008799708866819839
DHPTDCs2,10.189130434782218
DHPTDNR,0.0
DHPTDNRN,0.0
DHPTPE,0.0
DHQS,8.081034482758469
DHQTi,5.715675675675242
DIMPtex,0.0
DINSt2pp,0.0
DINStex,0.0
DKGLCNR1,0.0
DKGLCNR2x,0.0
DKGLCNR2y,0.0
DMATT,0.0009342291812686268
DMPPS,0.006536644725539523
DMQMT,0.00021999272167149247
DMSOR1,0.0
DMSOR1pp,0.0
DMSOR2,0.0
DMSOR2pp,0.0
DMSOtex,0.0
DMSOtpp,0.0
DMStex,0.0
DNMPPA,0.0008799708866859556
DNTPPA,0.0008799708866859556
DOGULNR,0.0
DOPAtex,0.0
DOXRBCNtex,927.3999999999282
DOXRBCNtpp,927.3999999999282
DPCOAK,0.0005682323214441787
DPR,0.0005682323214441787
DRPA,77.95813953487318
DSBAO1,0.0
DSBAO2,0.0
DSBCGT,4.812828568899194e-29
DSBDR,0.0
DSBGGT,-1.2937318845624594e-28
DSERDHr,0.0
DSERt2pp,0.0
DSERtex,0.0
DTARTD,0.0
DTMPK,231.84999999999843
DTMPtex,0.0
DUMPtex,0.0
DURADx,0.0
DURIK1,231.84999999999957
DURIPP,60.9490909090903
DURIt2pp,0.0
DURItex,0.0
DUTPDP,60.9490909090903
DXPRIi,0.006536644725510483
DXPS,0.006976630168851514
DXYLK,0.0
E4PD,0.00021999272167051595
EAR100x,19.534020618556728
EAR100y,19.13939393944156
EAR120x,32.115254237301066
EAR120y,31.062295081960023
EAR121x,17.708411214950072
EAR121y,17.38348623852895
EAR140x,32.115254237288184
EAR140y,31.062295081970934
EAR141x,17.7084112149534
EAR141y,17.383486238532264
EAR160x,32.115254237280325
EAR160y,31.06229508195836
EAR161x,32.11525423728714
EAR161y,31.062295081969314
EAR180x,32.11525423729031
EAR180y,31.062295081970277
EAR181x,32.115254237291175
EAR181y,31.06229508197021
EAR40x,9.333990147777525
EAR40y,9.242926829262606
EAR60x,9.333990147777525
EAR60y,9.242926829262606
EAR80x,9.333990147777525
EAR80y,9.242926829262606
ECA4COLIPAabctex,0.1888687908724084
ECA4OALpp,0.1888687908724084
ECAP1pp,0.1888687908724084
ECAP2pp,0.1888687908724084
ECAP3pp,0.1888687908724084
ECAtpp,0.7554751634896336
ECOAH1,7.5000000000000036
ECOAH2,7.5000000000000036
ECOAH3,2.496626352641964
ECOAH4,2.496626352641813
ECOAH5,2.496626352641813
ECOAH6,0.8023320036821503
ECOAH7,0.40116600184107515
ECOAH8,0.0479702514975409
EDA,86.45000000000357
EDD,86.45000000000357
EDTXS1,0.4161043921069514
EDTXS2,0.4161043921069514
EDTXS3,0.4011660018410615
EDTXS4,0.4011660018410615
EGMEACPR,1.106686489597408e-06
ENLIPAabctex,0.4069094304387921
ENO,66.24666666667586
ENTCS,38.6416666666638
ENTERES,38.641666666663475
ENTERES2,25.408219178081826
EPMEACPR,1.961326419096679e-06
ETHAAL,33.66874999999953
ETHAt2pp,29.11891891891811
ETHAtex,0.0
ETHSO3abcpp,0.0
ETHSO3tex,0.0
ETOHtex,0.0
ETOHtrpp,0.0
F6PA,129.67499999999995
F6PP,231.8500000000019
F6Pt6_2pp,0.0
F6Ptex,0.0
FA100ACPHi,231.85000000000232
FA120ACPHi,231.85000000000218
FA140ACPHi,231.8500000000025
FA141ACPHi,231.84999999999883
FA160ACPHi,231.85000000006104
FA161ACPHi,231.85000000006102
FA80ACPHi,231.85000000006107
FACOAE100,32.115254237291715
FACOAE120,88.32380952381912
FACOAE140,88.32380952380936
FACOAE141,88.32380952380932
FACOAE160,88.3238095238093
FACOAE161,88.32380952381534
FACOAE180,88.32380952381534
FACOAE181,88.32380952381534
FACOAE60,231.85000000001523
FACOAE80,19.534020618556504
FACOAL100t2pp,0.0
FACOAL120t2pp,88.32380952380863
FACOAL140t2pp,88.32380952379386
FACOAL141t2pp,88.32380952380946
FACOAL160t2pp,88.32380952380947
FACOAL161t2pp,88.32380952380944
FACOAL180t2pp,88.32380952380991
FACOAL181t2pp,88.32380952381001
FACOAL60t2pp,231.85000000000164
FACOAL80t2pp,0.0
FADRx,59.47500000000336
FADRx2,59.475000000000136
FALDH2,0.0
FALDtex,0.0
FALDtpp,0.0
FALGTHLs,0.0
FBA,171.23333333333267
FBA3,241.84999999999977
FBP,231.84999999999977
FCI,0.0
FCLK,0.0
FCLPA,0.0
FCLT,1.3573999999999773
FDH4pp,119.99999999999977
FDH5pp,120.00000000000026
FDMO,0.0
FDMO2,0.0
FDMO3,0.0
FDMO4,0.0
FDMO6,0.0
FE2abcpp,185.47999999996264
FE2t2pp,463.6999999998999
FE2t3pp,927.3999999998
FE2tex,1000.0
FE2tpp,927.4000000000156
FE3DCITabcpp,0.0
FE3DCITtonex,0.0
FE3DHBZR,0.0
FE3DHBZSabcpp,0.0
FE3DHBZStonex,0.0
FE3HOXR1,37.09600000000041
FE3HOXR2,37.095999999998554
FE3HOXR3,37.09599999999919
FE3HOXUtex,74.19199999999832
FE3HOXUtpp,74.19199999999832
FE3HOXabcpp,74.19199999999832
FE3HOXexs,74.19199999999832
FE3HOXtonex,74.19199999999832
FE3Ri,59.47499999999998
FE3abcpp,97.62105263157858
FE3tex,97.62105263158071
FECRMR1,37.096000000000664
FECRMR2,37.096000000000075
FECRMR3,37.095999999999975
FECRMUtex,74.19199999999995
FECRMUtpp,74.19199999999995
FECRMabcpp,74.19199999999995
FECRMexs,74.19199999999995
FECRMtonex,74.19199999999995
FEENTERR1,37.09599999999955
FEENTERR2,37.095999999997936
FEENTERR3,37.09599999999811
FEENTERabcpp,74.19199999999921
FEENTERexs,74.19199999999621
FEENTERtex,74.19199999999621
FEENTERtonex,74.19199999999921
FEENTERtpp,74.19199999999621
FEOXAMR1,37.0959999999993
FEOXAMR2,37.0959999999986
FEOXAMR3,37.0959999999986
FEOXAMUtex,74.1919999999972
FEOXAMUtpp,74.1919999999972
FEOXAMabcpp,74.1919999999972
FEOXAMexs,74.1919999999972
FEOXAMtonex,74.1919999999972
FEROpp,274.4052631578935
FESD1s,58.158823529413084
FESD2s,0.0
FESR,116.31764705882617
FFSD,0.0
FHL,0.0
FLDR2,508.6999999999854
FLVR,36.438461538461524
FLVRx,37.095999999999904
FMETTRS,0.0
FMNAT,0.00021999272167051533
FMNRx,37.09599999995681
FMNRx2,36.438461538461524
FOMETRi,1000.0
FORCT,0.0
FORt2pp,927.4000000000522
FORtex,0.0
FORtppi,927.4000000000284
FRD2,119.99999999999991
FRD3,119.99999999999991
FRUK,0.0
FRULYSDG,0.0
FRULYSE,0.0
FRULYSK,0.0
FRULYSt2pp,0.0
FRULYStex,0.0
FRUURt2rpp,0.0
FRUURtex,0.0
FRUpts2pp,0.0
FRUptspp,0.0
FRUtex,0.0
FTHFD,231.85000000000326
FTHFLi,231.85000000000377
FUCtex,0.0
FUCtpp,0.0
FUM,518.7000000000231
FUMt2_2pp,0.0
FUMt2_3pp,0.0
FUMtex,0.0
FUSAtex,927.4000000000406
FUSAtpp,927.4000000000406
G1PACT,48.28971962617171
G1PPpp,0.0
G1PTT,0.9443439543619037
G1Ptex,0.0
G1SAT,10.859199999999998
G2PP,0.0
G2PPpp,0.0
G3PAT120,54.552941176484104
G3PAT140,54.55294117647234
G3PAT141,54.552941176471904
G3PAT160,54.552941176472025
G3PAT161,54.5529411764721
G3PAT180,54.55294117647057
G3PAT181,54.55294117647058
G3PCabcpp,0.0
G3PCtex,0.0
G3PD2,0.0
G3PD5,120.00000000002198
G3PD6,120.0000000000223
G3PD7,120.0000000000001
G3PEabcpp,26.935000000000514
G3PEtex,0.0
G3PGabcpp,28.981250000000806
G3PGtex,0.0
G3PIabcpp,0.0
G3PItex,0.0
G3PSabcpp,0.0
G3PStex,0.0
G3PT,231.85000000000403
G5SADs,169.56666666666848
G5SD,169.56666666666848
G6PDA,231.8500000000035
G6PDH2r,132.88124999999985
G6PP,231.84999999999997
G6Pt6_2pp,0.0
G6Ptex,0.0
GAL1PPpp,0.0
GAL1Ptex,0.0
GALBDtex,0.0
GALCTD,0.0
GALCTLO,0.0
GALCTND,0.0
GALCTNLt2pp,0.0
GALCTNLtex,0.0
GALCTNt2pp,0.0
GALCTNtex,0.0
GALCTt2rpp,0.0
GALCTtex,0.0
GALKr,0.0
GALM2pp,0.0
GALS3,0.0
GALT1,0.28013713306194454
GALTptspp,0.0
GALTtex,0.0
GALURt2rpp,0.0
GALURtex,0.0
GALUi,231.85000000000014
GALabcpp,0.0
GALt2pp,0.0
GALtex,0.0
GAM6Pt6_2pp,0.0
GAMAN6Ptex,0.0
GAMptspp,0.0
GAMtex,0.0
GAPD,20.00000000000001
GARFT,22.395918367346173
GART,231.84999999998993
GBBTNtex,0.0
GCALDD,0.0008799708866823083
GDMANE,0.0
GDPDPK,231.8500000000073
GDPMNH,231.84999999999977
GDPMNP,231.84999999999977
GDPTPDP,231.85000000000662
GDPtex,0.0
GF6PTA,231.84999999999914
GGGABADr,37.35225806451716
GGGABAH,37.35225806451716
GGPTRCO,37.35225806451716
GGPTRCS,37.35225806451716
GHBDHx,0.0
GHMT2r,35.310714285714106
GK1,231.84999999999755
GLBRAN2,1000.0
GLCATr,0.0
GLCDpp,10.0
GLCNt2rpp,10.000000000002322
GLCNtex,0.0
GLCP,1000.0
GLCP2,1000.0
GLCRAL,0.0
GLCRD,0.0
GLCRt2rpp,0.0
GLCRtex,0.0
GLCS1,1000.0
GLCTR1,0.2801371330619397
GLCTR2,0.2801371330619397
GLCTR3,0.2801371330619397
GLCUR1Ptex,0.0
GLCURt2rpp,0.0
GLCURtex,0.0
GLCabcpp,10.000000000000002
GLCptspp,10.0
GLCt2pp,10.0
GLCtex,10.0
GLCtexi,1000.0
GLDBRAN2,1000.0
GLGC,1000.0
GLNS,231.8499999999997
GLNTRS,0.0
GLNabcpp,0.0
GLNtex,0.0
GLTPD,0.0
GLU5K,169.566666666671
GLUABUTt7pp,1000.0
GLUCYS,54.55294117647133
GLUDC,55.77241379310553
GLUDy,231.8499999999814
GLUN,231.84999999998297
GLUNpp,0.0
GLUPRT,22.39591836734891
GLUR,0.0
GLUSy,231.85000000000855
GLUTRR,10.859200000000097
GLUTRS,10.859200000000097
GLUabcpp,309.1333333333327
GLUt2rpp,54.55294117647452
GLUt4pp,1000.0
GLUtex,0.0
GLXCL,46.91333333333526
GLYALDtex,0.0
GLYALDtpp,0.0
GLYAT,508.7000000000257
GLYBabcpp,-5.0487097934144666e-29
GLYBt2pp,0.0
GLYBtex,0.0
GLYC2Pabcpp,0.0
GLYC2Ptex,0.0
GLYC3Pabcpp,38.64166666666438
GLYC3Pt6pp,44.161904761904744
GLYC3Ptex,0.0
GLYCAt2rpp,0.0
GLYCAtex,0.0
GLYCDx,176.23333333333323
GLYCK,46.91333333333345
GLYCK2,46.913333333333455
GLYCL,52.391666666666715
GLYCLTDx,120.00000000000021
GLYCLTDy,119.99999999999949
GLYCLTt2rpp,0.0
GLYCLTt4pp,1000.0
GLYCLTtex,0.0
GLYCTO2,119.99999999999955
GLYCTO3,119.99999999999955
GLYCTO4,119.99999999999979
GLYCtex,0.0
GLYCtpp,15.657980456021301
GLYK,231.84999999999985
GLYOX,84.78333333333438
GLYOX3,84.78333333333438
GLYTRS,0.0
GLYt2pp,1000.0
GLYt2rpp,0.0
GLYt4pp,1000.0
GLYtex,0.0
GMAND,0.0
GMHEPAT,1.1205485322476412
GMHEPK,1.1205485322476412
GMHEPPA,1.1205485322476412
GMPR,101.74000000000316
GMPS2,101.74000000000316
GMPtex,0.0
GND,132.8812500000033
GNK,9.999999999999982
GOFUCR,0.0
GP4GH,0.0
GPDDA1,0.0
GPDDA1pp,0.0
GPDDA2,33.66874999999751
GPDDA2pp,29.11891891891903
GPDDA3,0.0
GPDDA3pp,0.0
GPDDA4,38.64166666666693
GPDDA4pp,33.12142857142857
GPDDA5,0.0
GPDDA5pp,0.0
GRTT,0.0009342291812644789
GRXR,77.95813953488448
GSNK,231.8499999999999
GSNt2pp,0.0
GSNtex,0.0
GSPMDA,231.8499999999997
GSPMDS,231.8499999999997
GTHOXtex,0.0
GTHOr,77.95813953488485
GTHPi,58.158823529401445
GTHRDHpp,54.55294117645905
GTHRDabc2pp,115.924999999977
GTHRDabcpp,115.92499999997666
GTHRDtex,0.0
GTHS,54.55294117646454
GTPCI,0.0008799708866820614
GTPCII2,0.0004399854433410024
GTPDPDP,115.92499999999028
GTPDPK,231.84999999998055
GTPHs,77.2833333333255
GTPtex,6.540447196180634e-13
GUACYC,231.84999999996927
GUAD,77.28333333332736
GUAPRT,231.84999999998593
GUAt2pp,927.3999999999344
GUAtex,0.0
GUAtpp,0.0
GUI1,0.0
GUI2,0.0
GUR1PPpp,0.0
H2O2tex,0.0
H2Otex,43.74000000000373
H2Otpp,43.73999999999998
H2SO,21.19583333333281
H2St1pp,21.646808510637808
H2Stex,0.0
H2tex,0.0
H2tpp,0.0
HACD1,7.5
HACD2,7.5
HACD3,2.4966263526416297
HACD4,2.4966263526416297
HACD5,2.4966263526416297
HACD6,0.8023320036821111
HACD7,0.40116600184105555
HACD8,0.04797025149754334
HADPCOADH3,0.0
HBZOPT,0.00021999272167055002
HCINNMt2rpp,0.0
HCINNMtex,0.0
HCO3E,231.84999999997655
HCYSMT,10.189130434782806
HCYSMT2,0.0
HDCAtexi,0.0
HDCEAtexi,0.0
HEMEOS,0.00021999272167047868
HEPK1,0.2801371330619242
HEPK2,0.2801371330619242
HEPT1,0.2801371330619242
HEPT2,0.2801371330619242
HEPT3,0.2801371330619242
HEPT4,0.2801371330619242
HETZK,0.0
HEX1,239.3500000000039
HEX4,231.8500000000041
HEX7,239.34999999997484
HEXt2rpp,-2.829233883353572e-15
HG2abcpp,0.0
HG2t3pp,0.0
HG2tex,0.0
HISTD,8.73884297520661
HISTP,8.73884297520661
HISTRS,0.0
HISabcpp,309.1333333333331
HISt2rpp,0.0
HIStex,0.0
HKNDDH,0.0
HKNTDH,0.0
HMBS,1.3573999999999404
HMPK1,0.0
HOMt2pp,13.206043956043935
HOMtex,0.0
HOPNTAL,0.0
HPPK2,0.0008799708866819616
HPPPNDO,0.0
HPPPNt2rpp,0.0
HPPPNtex,0.0
HPYRI,0.0
HPYRRx,1000.0
HPYRRy,508.69999999988914
HSDy,0.0
HSK,54.92987012987472
HSST,2.7882830626438304
HSTPT,8.73884297520673
HXAND,72.67142857143037
HXAtex,0.0
HXCT,231.85000000000355
HXPRT,231.84999999999997
HYD1pp,0.0
HYD2pp,0.0
HYD3pp,0.0
HYPOE,231.8499999999999
HYXNtex,0.0
HYXNtpp,0.0
Htex,1000.0
I2FE2SR,8.982441012029668e-07
I2FE2SS,0.000280958338439915
I2FE2SS2,0.00025541667130901365
I2FE2ST,2.7506410756355318e-05
I4FE4SR,0.00025541667130901365
I4FE4ST,0.00025541667130901365
ICDHyr,59.90370370370137
ICHORS,5.402927849424946
ICHORSi,1000.0
ICHORT,5.402927849424946
ICL,93.82666666667008
ICYSDS,0.0017731811218979904
IDOND,10.00000000000261
IDOND2,508.70000000000084
IDONt2rpp,0.0
IDONtex,0.0
IG3PS,8.738842975206532
IGPDH,8.738842975206532
IGPS,5.610206297502688
ILETA,0.0
ILETRS,0.0
ILEabcpp,309.1333333333336
ILEt2rpp,0.0
ILEtex,0.0
IMPC,3.736734245288394e-13
IMPD,101.74000000000346
IMPtex,0.0
INDOLEt2pp,1000.0
INDOLEt2rpp,1000.0
INDOLEtex,0.0
INOSTt4pp,0.0
INSH,231.8499999999753
INSK,231.84999999997657
INSTtex,-1.6829032644714918e-29
INSt2pp,1000.0
INSt2rpp,0.0
INStex,0.0
IPDDI,0.0009342291812690527
IPDPS,0.0065366447255471305
IPMD,7.674193548388277
IPPMIa,1.3322676295501878e-15
IPPMIb,1.3322676295501878e-15
IPPS,7.674193548386508
ISETACabcpp,0.0
ISETACtex,0.0
K2L4Aabcpp,0.5549235993208811
K2L4Aabctex,0.5549235993208811
KARA1,0.0
KARA2,7.446478873240393
KAS14,9.333990147785066
KAS15,9.333990147784656
KDOCT2,1.1098471986417655
KDOPP,1.1098471986417655
KDOPS,1.1098471986417655
KG6PDC,0.0
Kabcpp,185.47999999999922
Kt2pp,463.69999999999976
Kt3pp,463.69999999999976
Ktex,0.1917518423418871
L_DASH_LACD2,61.511904761904326
L_DASH_LACD3,61.5119047619096
L_DASH_LACt2rpp,0.0
L_DASH_LACtex,0.0
LA4NTpp,0.2727158948685946
LACZ,0.0
LACZpp,0.0
LADGMDH,20.34251968503936
LALADGLUtex,0.0
LALADGLUtpp,0.0
LALALGLUtex,0.0
LALALGLUtpp,0.0
LALDO2x,14.287931034479058
LALDO3,61.51190476190635
LALGP,20.342519685040028
LCADi,61.51190476190684
LCARR,14.28793103448317
LCARS,14.055555555556014
LCTSt3ipp,463.70000000000005
LCTStex,0.0
LCTStpp,463.70000000000005
LDH_D,84.78333333333337
LDH_D2,120.00000000000026
LEUTAi,7.674193548387309
LEUTRS,0.0
LEUabcpp,309.1333333333304
LEUt2rpp,0.0
LEUtex,0.0
LGTHL,84.78333333333613
LIPACabcpp,0.40116600184105533
LIPAHT2ex,0.0
LIPAHTex,0.0
LIPAMPL,6.757527764951538e-31
LIPATPT,6.757527764951538e-31
LIPAabcpp,0.4161043921069385
LIPAabctex,0.4161043921069385
LIPOCT,2.920466680779725e-06
LIPOS,2.920466680779725e-06
LIPOt2pp,0.0
LIPOtex,0.0
LPADSS,0.5549235993210373
LPLIPAL1A120pp,44.161904761910066
LPLIPAL1A140pp,44.16190476189818
LPLIPAL1A141pp,44.161904761897546
LPLIPAL1A160pp,44.16190476189759
LPLIPAL1A161pp,44.161904761904616
LPLIPAL1A180pp,44.16190476190462
LPLIPAL1A181pp,44.16190476190416
LPLIPAL1E120pp,29.118918918918716
LPLIPAL1E140pp,29.118918918919423
LPLIPAL1E141pp,29.118918918919654
LPLIPAL1E160pp,29.118918918911092
LPLIPAL1E161pp,29.11891891891115
LPLIPAL1E180pp,29.11891891891122
LPLIPAL1E181pp,29.118918918910676
LPLIPAL1G120pp,33.12142857142213
LPLIPAL1G140pp,33.12142857142269
LPLIPAL1G141pp,33.12142857142925
LPLIPAL1G160pp,33.121428571429234
LPLIPAL1G161pp,33.12142857142922
LPLIPAL1G180pp,33.12142857142923
LPLIPAL1G181pp,33.12142857142852
LPLIPAL2A120,54.55294117647045
LPLIPAL2A140,54.55294117647035
LPLIPAL2A141,54.55294117647126
LPLIPAL2A160,54.55294117646696
LPLIPAL2A161,54.55294117646674
LPLIPAL2A180,54.55294117648573
LPLIPAL2A181,54.552941176471556
LPLIPAL2ATE120,0.0
LPLIPAL2ATE140,0.0
LPLIPAL2ATE141,-6.773403903464689e-31
LPLIPAL2ATE160,0.0
LPLIPAL2ATE161,-4.639039982407656e-30
LPLIPAL2ATE180,0.0
LPLIPAL2ATE181,0.0
LPLIPAL2ATG120,0.0
LPLIPAL2ATG140,7.888609052210118e-31
LPLIPAL2ATG141,-3.908447212231379e-30
LPLIPAL2ATG160,5.20784673343893e-29
LPLIPAL2ATG161,2.2014379747433924e-29
LPLIPAL2ATG180,0.0
LPLIPAL2ATG181,0.0
LPLIPAL2E120,33.66874999999627
LPLIPAL2E140,33.66874999999968
LPLIPAL2E141,33.66874999999967
LPLIPAL2E160,33.668749999999974
LPLIPAL2E161,33.668749999999996
LPLIPAL2E180,33.668750000000195
LPLIPAL2E181,33.66875000000024
LPLIPAL2G120,38.64166666666697
LPLIPAL2G140,38.64166666666561
LPLIPAL2G141,38.64166666666563
LPLIPAL2G160,38.64166666666561
LPLIPAL2G161,38.64166666666538
LPLIPAL2G180,38.64166666666402
LPLIPAL2G181,38.641666666666666
LSERDHr,104.74000000000004
LYSDC,7.832592592592686
LYSTRS,0.0
LYSabcpp,185.480000000013
LYSt2pp,463.69999999997265
LYSt3pp,463.69999999997265
LYStex,0.0
LYXI,0.0
LYXt2pp,0.0
LYXtex,0.0
M1PD,0.0
MACPD,231.85000000000326
MALCOAMT,1.5652207104385039e-06
MALDDH,0.0
MALDt2_2pp,0.0
MALDtex,0.0
MALS,59.01739130434803
MALTATr,0.0
MALTHXabcpp,0.0
MALTHXtexi,0.0
MALTPTabcpp,0.0
MALTPTtexi,0.0
MALTTRabcpp,0.0
MALTTRtexi,0.0
MALTTTRabcpp,0.0
MALTTTRtexi,0.0
MALTabcpp,0.0
MALTptspp,0.0
MALTtexi,0.0
MALt2_2pp,309.13333333333304
MALt2_3pp,231.84999999999977
MALt3pp,309.13333333333304
MALtex,0.0
MAN1PT2,231.84999999999977
MAN6PI,0.0
MAN6Pt6_2pp,0.0
MAN6Ptex,0.0
MANAO,0.0
MANGLYCptspp,0.0
MANGLYCtex,0.0
MANPGH,0.0
MANptspp,0.0
MANtex,0.0
MCITD,89.78333333333363
MCITL2,89.78333333333363
MCITS,89.78333333333363
MCOATA,231.84999999999542
MCPST,0.0
MCTP1App,11.933025404156245
MCTP1Bpp,12.072429906541247
MCTP2App,7.864535768644834
MDDCP1pp,11.79680365296725
MDDCP2pp,7.864535768644834
MDDCP3pp,11.796803652967249
MDDCP4pp,11.796803652967252
MDDCP5pp,11.933025404156245
MDDEP1pp,11.796803652967252
MDDEP2pp,11.933025404156243
MDDEP3pp,11.79680365296724
MDDEP4pp,7.8645357686448225
MDH,518.7000000000161
MDH2,120.00000000000131
MDH3,119.99999999999939
ME1,134.67499999997875
ME2,134.67500000001792
MECDPDH5,0.006536644725510431
MECDPS,0.006536644725510431
MELIBt2pp,463.69999999999794
MELIBt3ipp,463.69999999999794
MELIBtex,0.0
MEOHtex,1.3450977462151625e-13
MEOHtrpp,1.3450977462151625e-13
MEPCT,0.006536644725510492
METAT,10.189130434778814
METDabcpp,0.0
METDtex,0.0
METOX1s,58.158823529413056
METOX2s,58.158823529413056
METS,2.7882830626451955
METSOX1abcpp,0.0
METSOX1tex,0.0
METSOX2abcpp,0.0
METSOX2tex,0.0
METSOXR1,58.158823529399726
METSOXR2,58.158823529399726
METTRS,0.0
METabcpp,5.821177778405488e-29
METtex,5.821177778405488e-29
MG2t3_2pp,0.00852207547540644
MG2tex,0.00852207547540644
MG2tpp,463.69999999999027
MG2uabcpp,154.5666666666649
MGSA,83.11666666665494
MI1PP,0.0
MICITDr,89.78333333333337
MINCYCtex,927.3999999999992
MINCYCtpp,927.3999999999992
MINOHPtexi,0.0
MLDCP1App,11.933025404157263
MLDCP1Bpp,11.663656884876088
MLDCP2App,11.93302540415729
MLDCP2Bpp,11.796803652968281
MLDCP3App,12.072429906542308
MLDEP1pp,12.072429906542308
MLDEP2pp,11.933025404157291
MLTG1,0.0
MLTG2,0.0
MLTG3,231.85000000000315
MLTG4,231.85000000000417
MLTG5,231.85000000000352
MLTGY1pp,11.796803652968057
MLTGY2pp,11.933025404157064
MLTGY3pp,12.072429906542078
MLTGY4pp,7.864535768645368
MLTP1,0.0
MLTP2,0.0
MLTP3,0.0
MMCD,89.78333333333437
MMETt2pp,8.565734649477656e-14
MMETtex,8.565734649477656e-14
MMM,89.78333333335824
MN2t3pp,927.3999999999799
MN2tpp,927.3999999999799
MN6PP,231.84999999999505
MNLptspp,0.0
MNLtex,0.0
MNNH,0.0
MNt2pp,463.6999999999915
MNtex,0.0006788189225943222
MOADSUx,0.00048536510790084985
MOAT,0.5549235993208826
MOAT2,0.5549235993208826
MOAT3C,0.28013713306192395
MOBDabcpp,0.00013515247923254946
MOBDtex,0.00013515247923254946
MOCDS,6.905601128670411e-06
MOCOS,0.00012824687810387904
MOGDS,6.905601128670411e-06
MOHMT,0.0005682323214115292
MOX,58.15882352941243
MPTAT,0.00024268255395043216
MPTG,12.072429906542952
MPTG2,7.864535768645985
MPTS,0.0002426825539503604
MPTSS,0.0004853651079007208
MSAR,12.550913838120108
MSO3abcpp,0.0
MSO3tex,0.0
MTAN,2.788283062645314
MTHFC,72.39166666668864
MTHFD,72.39166666668864
MTHFR2,2.7882830626476194
MTHTHFSs,10.189130434782674
MTRPOX,0.0
N2Otex,0.0
N2Otpp,0.0
NACODA,101.74000000000082
NACtex,0.0
NACtpp,0.0
NADDP,231.84999999999854
NADH10,119.99999999999964
NADH16pp,119.9999999999996
NADH17pp,119.9999999999996
NADH18pp,119.9999999999996
NADH5,119.99999999999966
NADH9,119.99999999999966
NADK,231.8500000000088
NADN,57.96250000000156
NADPHQR2,119.99999999999983
NADPHQR3,120.00000000002053
NADPHQR4,120.00000000002655
NADPPPS,231.84999999994295
NADS1,115.92499999998138
NADTRHD,508.69999999998817
NAMNPP,57.96250000000013
NAt3_1p5pp,927.3999999999999
NAt3_2pp,927.3999999999999
NAt3pp,1000.0
NAtex,0.0
NDPK1,1000.0
NDPK2,231.84999999999226
NDPK3,231.8500000000337
NDPK4,231.85000000001793
NDPK5,231.85000000000588
NDPK6,60.949090909091616
NDPK7,231.84999999999874
NDPK8,231.8499999999987
NH4tex,65.36999999997444
NH4tpp,231.85000000000062
NHFRBO,-5.546678239829354e-32
NI2abcpp,231.85000000000343
NI2t3pp,927.4000000000127
NI2tex,0.00031730609551081394
NI2tpp,927.3999999998424
NI2uabcpp,185.47999999996827
NMNAT,231.84999999999945
NMNDA,115.92499999999973
NMNN,57.96249999999957
NMNPtpp,0.0
NMNt7pp,0.0
NMNtex,0.0
NNAM,57.96249999999957
NNATr,115.92499999998299
NNDMBRT,0.0
NNDPR,0.0022482664246118887
NO2t2rpp,0.0
NO2tex,0.0
NO3R1bpp,0.0
NO3R1pp,0.0
NO3R2bpp,0.0
NO3R2pp,0.0
NO3t7pp,0.0
NO3tex,0.0
NODOx,0.0
NODOy,0.0
NOVBCNtex,927.4000000000001
NOVBCNtpp,927.4000000000001
NOtex,0.0
NOtpp,0.0
NTD1,231.84999999999798
NTD10,231.85000000000755
NTD10pp,-2.842170943040401e-14
NTD11,231.850000000009
NTD11pp,0.0
NTD12,45.920547945205826
NTD12pp,-1.1368683772161603e-13
NTD1pp,0.0
NTD2,231.84999999999604
NTD2pp,0.0
NTD3,50.0328358208995
NTD3pp,0.0
NTD4,231.85000000001966
NTD4pp,0.0
NTD5,231.85000000001966
NTD5pp,0.0
NTD6,77.95813953487784
NTD6pp,0.0
NTD7,231.84999999998155
NTD7pp,0.0
NTD8,77.9581395348838
NTD8pp,0.0
NTD9,231.85000000000002
NTD9pp,0.0
NTP1,231.85000000000002
NTP10,231.8500000000263
NTP11,0.0
NTP12,0.0
NTP3,231.8499999999836
NTP3pp,0.0
NTP5,231.84999999999985
NTPP1,231.8500000000032
NTPP10,45.92054794519966
NTPP11,77.28333333333285
NTPP2,231.8500000000013
NTPP3,231.84999999999818
NTPP4,231.84999999999883
NTPP5,231.8499999999989
NTPP6,231.84999999999886
NTPP7,231.84999999999886
NTPP8,231.84999999999891
NTPP9,101.74000000000018
NTPTP1,77.95813953488366
NTPTP2,231.84999999999988
NTRIR2x,0.0
NTRIR3pp,4.4440311213861866e-29
NTRIR4pp,4.4440311213861866e-29
O16A4COLIPAabctex,0.0
O16A4Lpp,0.0
O16AP1pp,0.0
O16AP2pp,0.0
O16AP3pp,0.0
O16AT,0.0
O16AUNDtpp,0.0
O16GALFT,0.0
O16GLCT1,0.0
O16GLCT2,0.0
O2Stex,0.0
O2tex,310.0
O2tpp,60.0
OAADC,134.67499999999995
OBTFL,39.90188679245215
OCBT,42.39166666666722
OCDCAtexi,0.0
OCDCEAtexi,0.0
OCTAtex,0.0
OCTDPS,0.0006599781650115416
OCTNLL,2.9595433408588197e-06
OGMEACPD,1.9730288939055185e-06
OGMEACPR,1.9730288939055185e-06
OGMEACPS,1.9730288939055185e-06
OHPBAT,0.0002199927216705138
OHPHM,0.00021999272167051395
OMBZLM,0.00021999272167051395
OMCDC,7.674193548387877
OMMBLHX,0.00021999272167051357
OMMBLHX3,0.0002199926705867253
OMPDC,17.334426229508537
OMPHHX,0.00021999272167051387
OMPHHX3,0.00021999267058672023
OP4ENH,0.0
OPHBDC,0.00021999272167051387
OPHHX,0.00021999272167051387
OPHHX3,0.00021999267058672023
OPMEACPD,1.9730284357553356e-06
OPMEACPR,1.9730284357553356e-06
OPMEACPS,1.9730284357553356e-06
ORNDC,41.471794871794636
ORNabcpp,185.47999999996551
ORNtex,0.0
OROTt2_2pp,0.0
OROTtex,0.0
ORPT,0.0
OXAMTC,18.599999999999962
OXCDC,0.0
OXCOAHDH,0.0
OXDHCOAT,0.0
P5CD,169.56666666666678
P5CR,59.47500000000158
PA120abcpp,103.0444444444436
PA140abcpp,103.0444444444375
PA141abcpp,103.04444444443784
PA160abcpp,103.04444444443752
PA161abcpp,103.04444444443784
PA180abcpp,103.04444444443752
PA181abcpp,103.04444444443752
PACALDt2rpp,0.0
PACALDtex,0.0
PACCOAE,0.0
PACCOAL,0.0
PANTS,0.0005682323214450402
PAPA120,231.85000000000022
PAPA120pp,103.04444444444492
PAPA140,231.85000000000028
PAPA140pp,103.04444444444472
PAPA141,231.84999999997115
PAPA141pp,103.0444444444328
PAPA160,231.8499999999699
PAPA160pp,103.04444444443057
PAPA161,231.8499999999692
PAPA161pp,103.04444444444184
PAPA180,231.849999999994
PAPA180pp,103.04444444444759
PAPA181,231.85000000000724
PAPA181pp,103.04444444444789
PAPPT3,24.144859813082757
PAPSR,21.646808510638444
PAPSR2,21.64680851063844
PDE1,231.8500000000033
PDE4,231.85000000000343
PDH,518.7000000000197
PDX5PO2,0.0002199927216705163
PDX5POi,0.00021999272167051674
PDX5PS,0.0002199927216705163
PDXPP,231.85000000000235
PE120abcpp,77.28333333333404
PE140abcpp,77.28333333333347
PE141abcpp,77.28333333333336
PE160abcpp,77.28333333333335
PE161abcpp,77.28333333333319
PE180abcpp,77.28333333333346
PE181abcpp,77.28333333333335
PEAMNOpp,0.0
PEAMNtex,0.0
PERD,0.00021999272167051343
PETNT161pp,0.40690943043884176
PETNT181pp,0.40690943043884176
PFK,241.8499999999852
PFK_2,0.0
PFK_3,241.8499999999852
PFL,137.9133333333252
PG120abcpp,77.2833333333277
PG140abcpp,77.2833333333279
PG141abcpp,77.2833333333348
PG160abcpp,77.28333333333667
PG161abcpp,77.2833333333357
PG180abcpp,77.28333333333477
PG181abcpp,77.2833333333343
PGAMT,0.0
PGCD,104.73999999999977
PGI,241.84999999998183
PGK,66.45000000000245
PGL,132.88125000000107
PGLYCP,0.0
PGM,99.32830188679334
PGMT,0.0
PGP120abcpp,54.55294117646847
PGP140abcpp,54.552941176468494
PGP141abcpp,54.55294117646833
PGP160abcpp,54.55294117646848
PGP161abcpp,54.552941176469005
PGP180abcpp,54.55294117646875
PGP181abcpp,54.55294117646876
PGPP120,57.962500000000055
PGPP120pp,54.55294117647058
PGPP140,57.962499999997846
PGPP140pp,54.552941176470654
PGPP141,57.962500000000205
PGPP141pp,54.5529411764706
PGPP160,57.962499999997824
PGPP160pp,54.55294117646855
PGPP161,57.96249999999806
PGPP161pp,54.55294117646899
PGPP180,57.96249999999816
PGPP180pp,54.5529411764704
PGPP181,57.96249999999513
PGPP181pp,54.55294117646596
PGSA120,57.96249999999494
PGSA140,57.962499999999984
PGSA141,57.9625
PGSA160,57.96250000000011
PGSA161,57.96249999999998
PGSA180,57.96250000000209
PGSA181,57.962500000001974
PHEMEabcpp,1.3573999999999997
PHEMEtiex,1.3573999999999997
PHETA1,0.0
PHETRS,0.0
PHEt2rpp,0.0
PHEtex,0.0
PHYTSpp,4.2072581611787294e-30
PIt2rpp,109.10588235294085
PItex,11.667475728156298
PIuabcpp,309.13333333333173
PLIPA1A120pp,54.552941176469844
PLIPA1A140pp,54.552941176473524
PLIPA1A141pp,54.55294117647363
PLIPA1A160pp,54.552941176470114
PLIPA1A161pp,54.55294117648173
PLIPA1A180pp,54.55294117647061
PLIPA1A181pp,54.55294117647056
PLIPA1E120pp,77.28333333333339
PLIPA1E140pp,77.28333333333339
PLIPA1E141pp,77.28333333335605
PLIPA1E160pp,77.28333333335621
PLIPA1E161pp,77.28333333335615
PLIPA1E180pp,77.28333333335621
PLIPA1E181pp,77.28333333335611
PLIPA1G120pp,77.28333333335607
PLIPA1G140pp,77.28333333333332
PLIPA1G141pp,77.28333333333359
PLIPA1G160pp,77.28333333333359
PLIPA1G161pp,77.2833333333551
PLIPA1G180pp,77.28333333335509
PLIPA1G181pp,77.2833333333531
PLIPA2A120pp,44.16190476190452
PLIPA2A140pp,44.16190476190453
PLIPA2A141pp,44.16190476190595
PLIPA2A160pp,44.16190476190409
PLIPA2A161pp,44.16190476190472
PLIPA2A180pp,44.161904761904786
PLIPA2A181pp,44.161904761904744
PLIPA2E120pp,29.118918918918393
PLIPA2E140pp,29.11891891891821
PLIPA2E141pp,29.11891891891832
PLIPA2E160pp,29.118918918916293
PLIPA2E161pp,29.118918918915757
PLIPA2E180pp,29.118918918915757
PLIPA2E181pp,29.11891891891895
PLIPA2G120pp,33.121428571428616
PLIPA2G140pp,33.1214285714288
PLIPA2G141pp,33.12142857142855
PLIPA2G160pp,33.12142857142855
PLIPA2G161pp,33.121428571427806
PLIPA2G180pp,33.12142857142778
PLIPA2G181pp,33.12142857142835
PMANM,0.0
PMDPHT,0.00043998544334330965
PMEACPE,1.973028893913903e-06
PMPK,231.85000000000127
PNTK,0.0005682323214436262
PNTOt4pp,0.0
PNTOtex,0.0
POAACR,12.550913838120882
POR5,39.36417910446679
POX,114.30909090909121
PPA,231.85000000001767
PPA2,231.85000000001685
PPAKr,1000.0
PPALtex,0.0
PPALtpp,0.0
PPAt4pp,0.0
PPAtex,0.0
PPBNGS,5.429599999999986
PPC,231.85000000000275
PPCDC,0.0005682323214446618
PPCK,231.84999999998283
PPCSCT,1000.0
PPGPPDP,231.85000000000002
PPK2r,231.85000000000014
PPKr,231.849999999999
PPM,231.8499999999999
PPM2,77.9581395348841
PPNCL2,0.0005682323210419202
PPND,5.715675675675199
PPNDH,5.5072916666666725
PPPGO,1.3413043478258653
PPPGO3,1.357399999999776
PPPNDO,0.0
PPPNt2rpp,0.0
PPPNtex,0.0
PPS,231.84999999995486
PPTHpp,0.0
PPTtex,0.0
PRAGSr,22.3959183673491
PRAIS,22.3959183673491
PRAIi,5.610206297501514
PRAMPC,8.738842975206511
PRASCSi,22.395918367346358
PRATPP,8.738842975206625
PRFGS,22.395918367347036
PRMICI,8.738842975207143
PROD2,59.47499999999952
PROGLYabcpp,0.0
PROGLYtex,0.0
PROTRS,0.0
PROabcpp,309.13333333333617
PROt2rpp,2.8856422402545823e-10
PROt4pp,1000.0
PROtex,0.0
PRPPS,231.85000000000218
PSCLYSt2pp,0.0
PSCLYStex,0.0
PSCVT,5.715675675680344
PSD120,33.66874999999981
PSD140,33.668749999999896
PSD141,33.66874999999998
PSD160,33.66875
PSD161,33.668750000000024
PSD180,33.66875000000276
PSD181,33.66875000000205
PSERT,104.73999999999967
PSERtex,0.0
PSP_L,104.73999999999967
PSP_Lpp,0.0
PSSA120,33.66874999999956
PSSA140,33.66874999999999
PSSA141,33.66875000000004
PSSA160,33.668749999997786
PSSA161,33.66874999999993
PSSA180,33.66874999999993
PSSA181,33.668750000000394
PTA2,1000.0
PTAr,1000.0
PTHRpp,0.0
PTPATi,0.000568232321444605
PTRCORNt7pp,0.0
PTRCTA,41.47179487180394
PTRCabcpp,185.48000000001522
PTRCt2pp,463.70000000005433
PTRCtex,0.0
PUNP1,231.8500000000046
PUNP2,77.95813953488643
PUNP3,231.84999999999053
PUNP4,77.95813953488096
PUNP5,231.8499999999999
PUNP6,101.74000000000134
PUNP7,231.85000000001648
PYAM5PO,508.7000000000227
PYDAMK,231.85000000001216
PYDAMtex,0.0
PYDAMtpp,0.0
PYDXK,231.85000000001165
PYDXNK,231.85000000001173
PYDXNtex,0.0
PYDXNtpp,0.0
PYDXPP,231.85000000001173
PYDXtex,0.0
PYDXtpp,0.0
PYK,249.3499999999983
PYNP2r,231.85000000000036
PYROX,12.550913838120096
PYRt2rpp,0.0
PYRtex,0.0
QMO2,0.0
QMO3,0.0
QUIN2tex,-2.314740541761567e-30
QUIN2tpp,-2.314740541761567e-30
QUINDH,-2.314740541761567e-30
QULNS,0.002248266424612207
R15BPK,1000.0
R1PK,1000.0
R5PP,231.8499999999937
R5PPpp,0.0
R5Ptex,0.0
RBFK,0.0002199927216704639
RBFSa,0.0008799708866819086
RBFSb,0.0004399854433409543
RBK,231.85000000017305
RBK_L1,0.0
RBP4E,0.0
REPHACCOAI,0.0
RFAMPtex,927.4000000006679
RFAMPtpp,927.4000000006679
RHAT1,0.2801371330604184
RHCCE,10.189130434782559
RIBabcpp,0.0
RIBtex,0.0
RMI,0.0
RMK,0.0
RMNtex,0.0
RMNtpp,0.0
RMPA,0.0
RNDR1,77.95813953488454
RNDR1b,77.95813953488461
RNDR2,77.95813953488312
RNDR2b,77.9581395348831
RNDR3,50.032835820896004
RNDR3b,50.032835820896
RNDR4,60.94909090909018
RNDR4b,60.94909090909018
RNTR1c2,77.95813953488252
RNTR2c2,77.95813953488295
RNTR3c2,50.03283582089357
RNTR4c2,60.949090909088646
RPE,88.58750000000005
RPI,0.36918573709457303
RZ5PP,0.0
S2FE2SR,1.8958774121822103e-06
S2FE2SS,0.0002809577045083913
S2FE2SS2,0.00025541612043263875
S2FE2ST,2.7506407561910294e-05
S4FE4SR,0.0002554161204326393
S4FE4ST,0.00025541612043263875
S7PI,1.1205485322476842
SADH,42.391666666666644
SADT2,21.646808510635914
SARCOX,0.0
SBTPD,0.0
SBTptspp,0.0
SBTtex,0.0
SCYSDS,0.001074712320394371
SDPDS,7.8325925925932856
SDPTA,0.0
SELCYSS,0.0
SELGTHR,0.0
SELGTHR2,0.0
SELGTHR3,0.0
SELNPS,0.0
SELR,0.0
SELtex,0.0
SELtpp,0.0
SEPHCHCS,0.0004399854433410489
SERASr,115.92500000000788
SERAT,74.81428571429065
SERD_D,104.74000000000684
SERD_L,104.74000000000684
SERTRS,0.0
SERTRS2,0.0
SERt2rpp,0.0
SERt4pp,1000.0
SERtex,0.0
SFGTHi,6.180278258208708e-15
SGDS,42.39166666666629
SGSAD,42.39166666666612
SHCHCS3,0.00043998544330980374
SHCHD2,0.00021999272165490187
SHCHF,0.00021999272165490187
SHK3Dr,5.715675675675672
SHKK,5.715675675675672
SHSL1,2.7882830626450086
SKMt2pp,0.0
SKMtex,0.0
SLNTtex,0.0
SLNTtpp,0.0
SO2tex,0.0
SO2tpp,0.0
SO3tex,0.0
SO4t2pp,21.646808510638106
SO4tex,21.646808510638106
SOTA,42.39166666666522
SPMDAT1,0.0
SPMDAT2,0.0
SPMDabcpp,185.47999999998234
SPMDt3pp,185.47999999998234
SPMDtex,0.0
SPMS,2.7882830626450077
SPODM,0.0
SPODMpp,0.0
SSALx,52.17419354838712
SSALy,55.772413793103496
SUCASPtpp,0.0
SUCBZL,0.0004399854433410468
SUCBZS,0.0004399854433410468
SUCCt2_2pp,309.1333333333218
SUCCt2_3pp,231.84999999999127
SUCCt3pp,309.1333333333218
SUCCtex,0.0
SUCDi,119.99999999999568
SUCFUMtpp,0.0
SUCMALtpp,0.0
SUCOAS,89.78333333333228
SUCRtex,0.0
SUCTARTtpp,0.0
SUCptspp,0.0
SULFACabcpp,0.0
SULFACtex,0.0
SULRi,21.646808510651557
SULabcpp,20.348000000012522
T2DECAI,17.708411214951816
TAGURr,0.0
TALA,44.293749999999825
TARTD,0.0
TARTRDtex,0.0
TARTRt7pp,0.0
TARTRtex,0.0
TARTt2_3pp,0.0
TAUDO,0.0
TAURabcpp,0.0
TAURtex,0.0
TCYNTtex,0.0
TDP,231.84999999999854
TDPADGAT,0.7554751634896555
TDPAGTA,0.7554751634896555
TDPDRE,0.28013713306193344
TDPDRR,0.28013713306193344
TDPGDH,0.9443439543620693
TDSK,0.5549235993208822
TDSR1,0.0
TDSR2,0.0
TGBPA,0.0
THD2pp,463.70000000000033
THDPS,7.832592592592597
THFAT,1000.0
THIORDXi,58.15882352941078
THMDt2pp,1000.0
THMDt2rpp,0.0
THMDtex,0.0
THMabcpp,0.0
THMtex,0.0
THRA2i,508.7000000000094
THRAi,54.92987012986839
THRD,54.92987012986516
THRD_L,39.90188679245016
THRPtex,0.0
THRS,54.929870129874644
THRTRS,0.0
THRabcpp,309.133333333363
THRt2pp,463.70000000004404
THRt2rpp,463.700000000044
THRt4pp,1000.0
THRtex,0.0
THYMt3pp,10.901030927834404
THYMtex,0.0
THZPSN3,0.0002199927216705105
TKT1,44.29375000000287
TKT2,44.29375000000287
TMAOR1,0.0
TMAOR1pp,0.0
TMAOR2,0.0
TMAOR2pp,0.0
TMAOtex,0.0
TMAtex,0.0
TMDK1,231.85000000001537
TMDPP,10.901030927835013
TMDS,10.901030927835013
TMK,0.0
TMPK,231.85000000000014
TMPPP,0.00021999272167051265
TPI,9.99999999999987
TPRDCOAS,0.0
TRDR,77.95813953488835
TRE6PH,231.85000000001781
TRE6PP,115.92500000000904
TRE6PS,231.85000000001781
TREH,115.92500000000904
TREHpp,0.0
TREptspp,0.0
TREtex,0.0
TRPAS2,104.73999999999997
TRPS1,5.32680412371167
TRPS2,104.74000000000993
TRPS3,5.610206297501814
TRPTRS,0.0
TRPt2rpp,0.0
TRPtex,0.0
TRSARr,46.9133333333341
TSULabcpp,0.0
TSULtex,0.0
TTDCAtexi,0.0
TTDCEAtexi,0.0
TTRCYCtex,927.4000000000045
TTRCYCtpp,927.4000000000045
TUNGSabcpp,0.0
TUNGStex,0.0
TYMtex,0.0
TYRL,0.00021999272167051533
TYROXDApp,0.0
TYRPpp,0.0
TYRPtex,0.0
TYRTA,0.0
TYRTRS,0.0
TYRt2rpp,0.0
TYRtex,0.0
ThDPAT,0.0
U23GAAT,1.1098471986417593
UAAGDS,20.34251968503989
UACGALPpp,0.0
UACGAMPpp,0.0
UACGAMtex,0.0
UACMAMO,0.7554751634823931
UAG2E,0.7554751634823931
UAGAAT,1.1098471986417715
UAGCVT,24.144859813090093
UAGDP,48.28971962618111
UAGPT3,24.144859813090537
UAMAGS,20.342519685048778
UAMAS,20.342519685048778
UAPGR,24.144859813090537
UDCPDP,24.144859813090537
UDCPDPS,5.4145023475452475e-05
UDCPDPpp,0.7554751634896344
UDCPPtppi,0.7554751634896344
UDPACGALtex,0.0
UDPG4E,0.0
UDPGALM,0.0
UDPGALPpp,0.0
UDPGALtex,0.0
UDPGD,0.2727158948685214
UDPGDC,0.2727158948685214
UDPGLCURtex,0.0
UDPGPpp,0.0
UDPGtex,0.0
UDPKAAT,0.2727158948685214
UGLCURPpp,0.0
UGLT,0.0
UGLYCH,22.395918367346628
UGMDDS,24.144859813086274
UHGADA,1.1098471986417626
ULA4NFT,0.27271589486856707
ULA4Ntppi,0.27271589486856707
UM3PL,24.144859813083464
UM4PCP,23.593607305937034
UM4PL,23.593607305937034
UMPK,231.8500000000233
UMPtex,0.0
UPLA4FNF,0.27271589486858583
UPLA4FNT,0.27271589486858583
UPP3MT,0.00021999272172956258
UPP3S,1.3574000000000004
UPPDC1,1.3574000000000004
UPPRT,231.8499999999976
URACPAH,12.550913838120001
URAt2pp,1000.0
URAt2rpp,0.0
URAtex,0.0
URDGLYCD,18.59999999999998
UREAtex,0.0
UREAtpp,0.0
URIC,22.39591836734692
URIH,231.85000000000218
URIK2,231.85000000000218
URIt2pp,1000.0
URIt2rpp,0.0
URItex,0.0
USHD,0.5549235993208718
VALTA,1000.0
VALTRS,0.0
VALabcpp,309.1333333333322
VALt2rpp,-6.141508732835145e-12
VALtex,0.0
VPAMTr,1000.0
WCOS,0.0
X5PL3E,0.0
XAND,22.395918367345498
XANt2pp,927.4000000000823
XANtex,0.0
XANtpp,0.0
XMPtex,0.0
XPPT,231.8500000000141
XTSNH,231.85000000000747
XTSNt2rpp,0.0
XTSNtex,0.0
XYLI1,0.0
XYLI2,239.3500000000073
XYLK,0.0
XYLK2,0.0
XYLUt2pp,0.0
XYLUtex,0.0
XYLabcpp,0.0
XYLt2pp,0.0
XYLtex,0.0
ZN2abcpp,231.85000000000719
ZN2t3pp,927.4000000000161
ZN2tpp,927.4000000000161
ZNabcpp,185.48000000000528
Zn2tex,0.0003349887881399035
CIMA,12.412173913045358
CitraSink,12.412173913045358
