DM_4CRSOL,0.0
DM_5DRIB,0.0
DM_AACALD,0.0
DM_AMOB,0.0
DM_MTHTHF,0.0
DM_OXAM,0.0
Ec_biomass_iJO1366_WT_53p95M,0.0
Ec_biomass_iJO1366_core_53p95M,0.0
EX_12ppd_DASH_R_LPAREN_e_RPAREN_,0.0
EX_12ppd_DASH_S_LPAREN_e_RPAREN_,0.0
EX_14glucan_LPAREN_e_RPAREN_,0.0
EX_15dap_LPAREN_e_RPAREN_,0.0
EX_23camp_LPAREN_e_RPAREN_,0.0
EX_23ccmp_LPAREN_e_RPAREN_,0.0
EX_23cgmp_LPAREN_e_RPAREN_,0.0
EX_23cump_LPAREN_e_RPAREN_,0.0
EX_23dappa_LPAREN_e_RPAREN_,0.0
EX_26dap_DASH_M_LPAREN_e_RPAREN_,0.0
EX_2ddglcn_LPAREN_e_RPAREN_,0.0
EX_34dhpac_LPAREN_e_RPAREN_,0.0
EX_3amp_LPAREN_e_RPAREN_,0.0
EX_3cmp_LPAREN_e_RPAREN_,0.0
EX_3gmp_LPAREN_e_RPAREN_,0.0
EX_3hcinnm_LPAREN_e_RPAREN_,0.0
EX_3hpp_LPAREN_e_RPAREN_,0.0
EX_3hpppn_LPAREN_e_RPAREN_,0.0
EX_3ump_LPAREN_e_RPAREN_,0.0
EX_4abut_LPAREN_e_RPAREN_,0.0
EX_4hoxpacd_LPAREN_e_RPAREN_,0.0
EX_5dglcn_LPAREN_e_RPAREN_,0.0
EX_5mtr_LPAREN_e_RPAREN_,0.0
EX_LalaDglu_LPAREN_e_RPAREN_,0.0
EX_LalaDgluMdap_LPAREN_e_RPAREN_,0.0
EX_LalaDgluMdapDala_LPAREN_e_RPAREN_,0.0
EX_LalaLglu_LPAREN_e_RPAREN_,0.0
EX_ac_LPAREN_e_RPAREN_,3.95e-08
EX_acac_LPAREN_e_RPAREN_,0.0
EX_acald_LPAREN_e_RPAREN_,0.0
EX_acgal_LPAREN_e_RPAREN_,0.0
EX_acgal1p_LPAREN_e_RPAREN_,0.0
EX_acgam_LPAREN_e_RPAREN_,0.0
EX_acgam1p_LPAREN_e_RPAREN_,0.0
EX_acmana_LPAREN_e_RPAREN_,0.0
EX_acmum_LPAREN_e_RPAREN_,0.0
EX_acnam_LPAREN_e_RPAREN_,0.0
EX_acolipa_LPAREN_e_RPAREN_,0.0
EX_acser_LPAREN_e_RPAREN_,0.0
EX_ade_LPAREN_e_RPAREN_,0.0
EX_adn_LPAREN_e_RPAREN_,0.0
EX_adocbl_LPAREN_e_RPAREN_,0.0
EX_ag_LPAREN_e_RPAREN_,0.0
EX_agm_LPAREN_e_RPAREN_,0.0
EX_akg_LPAREN_e_RPAREN_,0.0
EX_ala_DASH_B_LPAREN_e_RPAREN_,0.0
EX_ala_DASH_D_LPAREN_e_RPAREN_,0.0
EX_ala_DASH_L_LPAREN_e_RPAREN_,0.0
EX_alaala_LPAREN_e_RPAREN_,0.0
EX_all_DASH_D_LPAREN_e_RPAREN_,0.0
EX_alltn_LPAREN_e_RPAREN_,0.0
EX_amp_LPAREN_e_RPAREN_,0.0
EX_anhgm_LPAREN_e_RPAREN_,0.0
EX_arab_DASH_L_LPAREN_e_RPAREN_,0.0
EX_arbt_LPAREN_e_RPAREN_,0.0
EX_arbtn_LPAREN_e_RPAREN_,0.0
EX_arbtn_DASH_fe3_LPAREN_e_RPAREN_,0.0
EX_arg_DASH_L_LPAREN_e_RPAREN_,0.0
EX_ascb_DASH_L_LPAREN_e_RPAREN_,0.0
EX_asn_DASH_L_LPAREN_e_RPAREN_,0.0
EX_aso3_LPAREN_e_RPAREN_,0.0
EX_asp_DASH_L_LPAREN_e_RPAREN_,0.0
EX_btn_LPAREN_e_RPAREN_,0.0
EX_but_LPAREN_e_RPAREN_,0.0
EX_butso3_LPAREN_e_RPAREN_,0.0
EX_ca2_LPAREN_e_RPAREN_,-3.072808453907783e-05
EX_cbi_LPAREN_e_RPAREN_,0.0
EX_cbl1_LPAREN_e_RPAREN_,-1.2964434740790565e-06
EX_cd2_LPAREN_e_RPAREN_,0.0
EX_cgly_LPAREN_e_RPAREN_,0.0
EX_chol_LPAREN_e_RPAREN_,0.0
EX_chtbs_LPAREN_e_RPAREN_,0.0
EX_cit_LPAREN_e_RPAREN_,0.0
EX_cl_LPAREN_e_RPAREN_,-3.072808456321605e-05
EX_cm_LPAREN_e_RPAREN_,0.0
EX_cmp_LPAREN_e_RPAREN_,0.0
EX_co2_LPAREN_e_RPAREN_,0.23260454739822992
EX_cobalt2_LPAREN_e_RPAREN_,-1.4758926302152315e-07
EX_colipa_LPAREN_e_RPAREN_,0.0
EX_colipap_LPAREN_e_RPAREN_,0.0
EX_cpgn_LPAREN_e_RPAREN_,0.0
EX_cpgn_DASH_un_LPAREN_e_RPAREN_,0.0
EX_crn_LPAREN_e_RPAREN_,0.0
EX_crn_DASH_D_LPAREN_e_RPAREN_,0.0
EX_csn_LPAREN_e_RPAREN_,0.0
EX_cu_LPAREN_e_RPAREN_,0.0
EX_cu2_LPAREN_e_RPAREN_,-4.1856314995423825e-06
EX_cyan_LPAREN_e_RPAREN_,0.0
EX_cynt_LPAREN_e_RPAREN_,0.0
EX_cys_DASH_D_LPAREN_e_RPAREN_,0.0
EX_cys_DASH_L_LPAREN_e_RPAREN_,0.0
EX_cytd_LPAREN_e_RPAREN_,0.0
EX_dad_DASH_2_LPAREN_e_RPAREN_,0.0
EX_damp_LPAREN_e_RPAREN_,0.0
EX_dca_LPAREN_e_RPAREN_,0.0
EX_dcmp_LPAREN_e_RPAREN_,0.0
EX_dcyt_LPAREN_e_RPAREN_,0.0
EX_ddca_LPAREN_e_RPAREN_,0.0
EX_dgmp_LPAREN_e_RPAREN_,0.0
EX_dgsn_LPAREN_e_RPAREN_,0.0
EX_dha_LPAREN_e_RPAREN_,0.0
EX_dimp_LPAREN_e_RPAREN_,0.0
EX_din_LPAREN_e_RPAREN_,0.0
EX_dms_LPAREN_e_RPAREN_,0.0
EX_dmso_LPAREN_e_RPAREN_,0.0
EX_dopa_LPAREN_e_RPAREN_,0.0
EX_doxrbcn_LPAREN_e_RPAREN_,0.0
EX_dtmp_LPAREN_e_RPAREN_,0.0
EX_dump_LPAREN_e_RPAREN_,0.0
EX_duri_LPAREN_e_RPAREN_,0.0
EX_eca4colipa_LPAREN_e_RPAREN_,0.0
EX_enlipa_LPAREN_e_RPAREN_,0.0
EX_enter_LPAREN_e_RPAREN_,0.0
EX_etha_LPAREN_e_RPAREN_,0.0
EX_ethso3_LPAREN_e_RPAREN_,0.0
EX_etoh_LPAREN_e_RPAREN_,0.0
EX_f6p_LPAREN_e_RPAREN_,0.0
EX_fald_LPAREN_e_RPAREN_,0.0
EX_fe2_LPAREN_e_RPAREN_,-1000.0
EX_fe3_LPAREN_e_RPAREN_,-0.8353857334733448
EX_fe3dcit_LPAREN_e_RPAREN_,0.0
EX_fe3dhbzs_LPAREN_e_RPAREN_,0.0
EX_fe3hox_LPAREN_e_RPAREN_,0.0
EX_fe3hox_DASH_un_LPAREN_e_RPAREN_,0.0
EX_fecrm_LPAREN_e_RPAREN_,0.0
EX_fecrm_DASH_un_LPAREN_e_RPAREN_,0.0
EX_feenter_LPAREN_e_RPAREN_,0.0
EX_feoxam_LPAREN_e_RPAREN_,0.0
EX_feoxam_DASH_un_LPAREN_e_RPAREN_,0.0
EX_for_LPAREN_e_RPAREN_,0.0
EX_fru_LPAREN_e_RPAREN_,0.0
EX_frulys_LPAREN_e_RPAREN_,0.0
EX_fruur_LPAREN_e_RPAREN_,0.0
EX_fuc_DASH_L_LPAREN_e_RPAREN_,0.0
EX_fum_LPAREN_e_RPAREN_,0.0
EX_fusa_LPAREN_e_RPAREN_,0.0
EX_g1p_LPAREN_e_RPAREN_,0.0
EX_g3pc_LPAREN_e_RPAREN_,0.0
EX_g3pe_LPAREN_e_RPAREN_,0.0
EX_g3pg_LPAREN_e_RPAREN_,0.0
EX_g3pi_LPAREN_e_RPAREN_,0.0
EX_g3ps_LPAREN_e_RPAREN_,0.0
EX_g6p_LPAREN_e_RPAREN_,0.0
EX_gal_LPAREN_e_RPAREN_,0.0
EX_gal_DASH_bD_LPAREN_e_RPAREN_,0.0
EX_gal1p_LPAREN_e_RPAREN_,0.0
EX_galct_DASH_D_LPAREN_e_RPAREN_,0.0
EX_galctn_DASH_D_LPAREN_e_RPAREN_,0.0
EX_galctn_DASH_L_LPAREN_e_RPAREN_,0.0
EX_galt_LPAREN_e_RPAREN_,0.0
EX_galur_LPAREN_e_RPAREN_,0.0
EX_gam_LPAREN_e_RPAREN_,0.0
EX_gam6p_LPAREN_e_RPAREN_,0.0
EX_gbbtn_LPAREN_e_RPAREN_,0.0
EX_gdp_LPAREN_e_RPAREN_,0.0
EX_glc_LPAREN_e_RPAREN_,-0.23
EX_glcn_LPAREN_e_RPAREN_,0.0
EX_glcr_LPAREN_e_RPAREN_,0.0
EX_glcur_LPAREN_e_RPAREN_,0.0
EX_glcur1p_LPAREN_e_RPAREN_,0.0
EX_gln_DASH_L_LPAREN_e_RPAREN_,0.0
EX_glu_DASH_L_LPAREN_e_RPAREN_,0.0
EX_gly_LPAREN_e_RPAREN_,0.0
EX_glyald_LPAREN_e_RPAREN_,0.0
EX_glyb_LPAREN_e_RPAREN_,0.0
EX_glyc_LPAREN_e_RPAREN_,0.0
EX_glyc_DASH_R_LPAREN_e_RPAREN_,0.0
EX_glyc2p_LPAREN_e_RPAREN_,0.0
EX_glyc3p_LPAREN_e_RPAREN_,0.0
EX_glyclt_LPAREN_e_RPAREN_,0.0
EX_gmp_LPAREN_e_RPAREN_,0.0
EX_gsn_LPAREN_e_RPAREN_,0.0
EX_gthox_LPAREN_e_RPAREN_,0.0
EX_gthrd_LPAREN_e_RPAREN_,0.0
EX_gtp_LPAREN_e_RPAREN_,0.0
EX_gua_LPAREN_e_RPAREN_,0.0
EX_h_LPAREN_e_RPAREN_,-1000.0
EX_h2_LPAREN_e_RPAREN_,0.0
EX_h2o_LPAREN_e_RPAREN_,0.2813633185153184
EX_h2o2_LPAREN_e_RPAREN_,0.0
EX_h2s_LPAREN_e_RPAREN_,0.0
EX_hacolipa_LPAREN_e_RPAREN_,0.0
EX_halipa_LPAREN_e_RPAREN_,0.0
EX_hdca_LPAREN_e_RPAREN_,0.0
EX_hdcea_LPAREN_e_RPAREN_,0.0
EX_hg2_LPAREN_e_RPAREN_,0.0
EX_his_DASH_L_LPAREN_e_RPAREN_,0.0
EX_hom_DASH_L_LPAREN_e_RPAREN_,0.0
EX_hxa_LPAREN_e_RPAREN_,0.0
EX_hxan_LPAREN_e_RPAREN_,0.0
EX_idon_DASH_L_LPAREN_e_RPAREN_,0.0
EX_ile_DASH_L_LPAREN_e_RPAREN_,0.0
EX_imp_LPAREN_e_RPAREN_,0.0
EX_indole_LPAREN_e_RPAREN_,0.0
EX_inost_LPAREN_e_RPAREN_,0.0
EX_ins_LPAREN_e_RPAREN_,0.0
EX_isetac_LPAREN_e_RPAREN_,0.0
EX_k_LPAREN_e_RPAREN_,-0.0011523356407584203
EX_kdo2lipid4_LPAREN_e_RPAREN_,0.0
EX_lac_DASH_D_LPAREN_e_RPAREN_,0.0
EX_lac_DASH_L_LPAREN_e_RPAREN_,0.0
EX_lcts_LPAREN_e_RPAREN_,0.0
EX_leu_DASH_L_LPAREN_e_RPAREN_,0.0
EX_lipa_LPAREN_e_RPAREN_,0.0
EX_lipa_cold_LPAREN_e_RPAREN_,0.0
EX_lipoate_LPAREN_e_RPAREN_,-1.7440943601653053e-08
EX_lys_DASH_L_LPAREN_e_RPAREN_,0.0
EX_lyx_DASH_L_LPAREN_e_RPAREN_,0.0
EX_mal_DASH_D_LPAREN_e_RPAREN_,0.0
EX_mal_DASH_L_LPAREN_e_RPAREN_,0.0
EX_malt_LPAREN_e_RPAREN_,0.0
EX_malthx_LPAREN_e_RPAREN_,0.0
EX_maltpt_LPAREN_e_RPAREN_,0.0
EX_malttr_LPAREN_e_RPAREN_,0.0
EX_maltttr_LPAREN_e_RPAREN_,0.0
EX_man_LPAREN_e_RPAREN_,0.0
EX_man6p_LPAREN_e_RPAREN_,0.0
EX_manglyc_LPAREN_e_RPAREN_,0.0
EX_melib_LPAREN_e_RPAREN_,0.0
EX_meoh_LPAREN_e_RPAREN_,0.0
EX_met_DASH_D_LPAREN_e_RPAREN_,0.0
EX_met_DASH_L_LPAREN_e_RPAREN_,0.0
EX_metsox_DASH_R_DASH_L_LPAREN_e_RPAREN_,0.0
EX_metsox_DASH_S_DASH_L_LPAREN_e_RPAREN_,0.0
EX_mg2_LPAREN_e_RPAREN_,-5.121347427173272e-05
EX_mincyc_LPAREN_e_RPAREN_,0.0
EX_minohp_LPAREN_e_RPAREN_,0.0
EX_mmet_LPAREN_e_RPAREN_,0.0
EX_mn2_LPAREN_e_RPAREN_,-4.079367230174906e-06
EX_mnl_LPAREN_e_RPAREN_,0.0
EX_mobd_LPAREN_e_RPAREN_,-7.964697576119629e-07
EX_mso3_LPAREN_e_RPAREN_,0.0
EX_n2o_LPAREN_e_RPAREN_,0.0
EX_na1_LPAREN_e_RPAREN_,6.659149414615234e-15
EX_nac_LPAREN_e_RPAREN_,0.0
EX_nh4_LPAREN_e_RPAREN_,-0.6075310155956624
EX_ni2_LPAREN_e_RPAREN_,-1.9068663710064046e-06
EX_nmn_LPAREN_e_RPAREN_,0.0
EX_no_LPAREN_e_RPAREN_,0.0
EX_no2_LPAREN_e_RPAREN_,0.0
EX_no3_LPAREN_e_RPAREN_,0.0
EX_novbcn_LPAREN_e_RPAREN_,0.0
EX_o16a4colipa_LPAREN_e_RPAREN_,0.0
EX_o2_LPAREN_e_RPAREN_,-251.16934263275115
EX_o2s_LPAREN_e_RPAREN_,0.0
EX_ocdca_LPAREN_e_RPAREN_,0.0
EX_ocdcea_LPAREN_e_RPAREN_,0.0
EX_octa_LPAREN_e_RPAREN_,0.0
EX_orn_LPAREN_e_RPAREN_,0.0
EX_orot_LPAREN_e_RPAREN_,0.0
EX_pacald_LPAREN_e_RPAREN_,0.0
EX_peamn_LPAREN_e_RPAREN_,0.0
EX_phe_DASH_L_LPAREN_e_RPAREN_,0.0
EX_pheme_LPAREN_e_RPAREN_,0.0
EX_pi_LPAREN_e_RPAREN_,-0.0305
EX_pnto_DASH_R_LPAREN_e_RPAREN_,0.0
EX_ppa_LPAREN_e_RPAREN_,0.0
EX_ppal_LPAREN_e_RPAREN_,0.0
EX_pppn_LPAREN_e_RPAREN_,0.0
EX_ppt_LPAREN_e_RPAREN_,0.0
EX_pro_DASH_L_LPAREN_e_RPAREN_,0.0
EX_progly_LPAREN_e_RPAREN_,0.0
EX_psclys_LPAREN_e_RPAREN_,0.0
EX_pser_DASH_L_LPAREN_e_RPAREN_,0.0
EX_ptrc_LPAREN_e_RPAREN_,0.0
EX_pydam_LPAREN_e_RPAREN_,0.0
EX_pydx_LPAREN_e_RPAREN_,0.0
EX_pydxn_LPAREN_e_RPAREN_,0.0
EX_pyr_LPAREN_e_RPAREN_,0.0
EX_quin_LPAREN_e_RPAREN_,0.0
EX_r5p_LPAREN_e_RPAREN_,0.0
EX_rfamp_LPAREN_e_RPAREN_,0.0
EX_rib_DASH_D_LPAREN_e_RPAREN_,0.0
EX_rmn_LPAREN_e_RPAREN_,0.0
EX_sbt_DASH_D_LPAREN_e_RPAREN_,0.0
EX_sel_LPAREN_e_RPAREN_,0.0
EX_ser_DASH_D_LPAREN_e_RPAREN_,0.0
EX_ser_DASH_L_LPAREN_e_RPAREN_,0.0
EX_skm_LPAREN_e_RPAREN_,0.0
EX_slnt_LPAREN_e_RPAREN_,0.0
EX_so2_LPAREN_e_RPAREN_,0.0
EX_so3_LPAREN_e_RPAREN_,0.0
EX_so4_LPAREN_e_RPAREN_,-0.18655927972572733
EX_spmd_LPAREN_e_RPAREN_,0.0
EX_succ_LPAREN_e_RPAREN_,0.0
EX_sucr_LPAREN_e_RPAREN_,0.0
EX_sulfac_LPAREN_e_RPAREN_,0.0
EX_tartr_DASH_D_LPAREN_e_RPAREN_,0.0
EX_tartr_DASH_L_LPAREN_e_RPAREN_,0.0
EX_taur_LPAREN_e_RPAREN_,0.0
EX_tcynt_LPAREN_e_RPAREN_,0.0
EX_thm_LPAREN_e_RPAREN_,0.0
EX_thr_DASH_L_LPAREN_e_RPAREN_,0.0
EX_thrp_LPAREN_e_RPAREN_,0.0
EX_thym_LPAREN_e_RPAREN_,0.0
EX_thymd_LPAREN_e_RPAREN_,0.0
EX_tma_LPAREN_e_RPAREN_,0.0
EX_tmao_LPAREN_e_RPAREN_,0.0
EX_tre_LPAREN_e_RPAREN_,0.0
EX_trp_DASH_L_LPAREN_e_RPAREN_,0.0
EX_tsul_LPAREN_e_RPAREN_,0.0
EX_ttdca_LPAREN_e_RPAREN_,0.0
EX_ttdcea_LPAREN_e_RPAREN_,0.0
EX_ttrcyc_LPAREN_e_RPAREN_,0.0
EX_tungs_LPAREN_e_RPAREN_,0.0
EX_tym_LPAREN_e_RPAREN_,0.0
EX_tyr_DASH_L_LPAREN_e_RPAREN_,0.0
EX_tyrp_LPAREN_e_RPAREN_,0.0
EX_uacgam_LPAREN_e_RPAREN_,0.0
EX_udpacgal_LPAREN_e_RPAREN_,0.0
EX_udpg_LPAREN_e_RPAREN_,0.0
EX_udpgal_LPAREN_e_RPAREN_,0.0
EX_udpglcur_LPAREN_e_RPAREN_,0.0
EX_ump_LPAREN_e_RPAREN_,0.0
EX_ura_LPAREN_e_RPAREN_,0.0
EX_urea_LPAREN_e_RPAREN_,0.0
EX_uri_LPAREN_e_RPAREN_,0.0
EX_val_DASH_L_LPAREN_e_RPAREN_,0.0
EX_xan_LPAREN_e_RPAREN_,0.0
EX_xmp_LPAREN_e_RPAREN_,0.0
EX_xtsn_LPAREN_e_RPAREN_,0.0
EX_xyl_DASH_D_LPAREN_e_RPAREN_,0.0
EX_xylu_DASH_L_LPAREN_e_RPAREN_,0.0
EX_zn2_LPAREN_e_RPAREN_,-2.013117547751097e-06
12DGR120tipp,0.0
12DGR140tipp,0.0
12DGR141tipp,0.0
12DGR160tipp,0.0
12DGR161tipp,0.0
12DGR180tipp,0.0
12DGR181tipp,0.0
12PPDRtex,-0.14342442169969746
12PPDRtpp,-0.14342442169969746
12PPDStex,-0.1434244216996869
12PPDStpp,-0.1434244216996869
14GLUCANabcpp,0.0
14GLUCANtexi,0.0
23CAMPtex,0.0
23CCMPtex,5.1698788284564207e-26
23CGMPtex,0.0
23CUMPtex,0.0
23DAPPAt2pp,0.0
23DAPPAtex,0.0
23PDE2pp,0.0
23PDE4pp,5.1698788284564207e-26
23PDE7pp,0.0
23PDE9pp,0.0
26DAHtex,0.0
2AGPA120tipp,-9.693522803355793e-27
2AGPA140tipp,0.0
2AGPA141tipp,0.0
2AGPA160tipp,0.0
2AGPA161tipp,0.0
2AGPA180tipp,0.0
2AGPA181tipp,0.0
2AGPE120tipp,0.0
2AGPE140tipp,-2.0679515313825696e-25
2AGPE141tipp,0.0
2AGPE160tipp,0.0
2AGPE161tipp,0.0
2AGPE180tipp,0.0
2AGPE181tipp,0.0
2AGPEAT120,0.0
2AGPEAT140,0.0
2AGPEAT141,0.0
2AGPEAT160,0.0
2AGPEAT161,0.0
2AGPEAT180,0.0
2AGPEAT181,0.0
2AGPG120tipp,0.0
2AGPG140tipp,0.0
2AGPG141tipp,0.0
2AGPG160tipp,0.0
2AGPG161tipp,0.0
2AGPG180tipp,0.0
2AGPG181tipp,0.0
2AGPGAT120,0.0
2AGPGAT140,0.0
2AGPGAT141,0.0
2AGPGAT160,0.0
2AGPGAT161,0.0
2AGPGAT180,0.0
2AGPGAT181,0.0
2DGULRGx,0.0
2DGULRGy,0.0
2DGULRx,0.0
2DGULRy,0.0
2MAHMP,0.0
34dhpactex,0.0
3AMACHYD,0.0
3AMPtex,0.0
3CMPtex,0.0
3GMPtex,0.0
3HAD100,-1.7440766709383557e-08
3HAD120,-7.860465750519907e-18
3HAD121,-1.0842021724855047e-19
3HAD140,0.0
3HAD141,-1.0842021724855047e-19
3HAD160,0.0
3HAD161,0.0
3HAD180,0.0
3HAD181,0.0
3HAD40,0.0
3HAD60,0.0
3HAD80,2.8913811232948336e-20
3HCINNMH,0.0
3HPPPNH,0.0
3HPPtex,-0.12625086628572224
3HPPtpp,6.038111065961816e-19
3KGK,0.0
3NTD2pp,0.0
3NTD4pp,0.0
3NTD7pp,0.0
3NTD9pp,0.0
3OAR100,-7.633460649605212e-13
3OAR120,-4.837878144967056e-14
3OAR121,-1.5599229807178316e-15
3OAR140,-9.800875909004466e-16
3OAR141,3.770229150538826e-16
3OAR160,0.0
3OAR161,0.0
3OAR180,0.0
3OAR181,0.0
3OAR40,1.1075170808044536e-20
3OAR60,1.1075170808044536e-20
3OAR80,-1.1506632970250318e-20
3OAS100,0.0
3OAS120,0.0
3OAS121,0.0
3OAS140,0.0
3OAS141,0.0
3OAS160,0.0
3OAS161,0.0
3OAS180,0.0
3OAS181,0.0
3OAS60,4.581599377056507e-30
3OAS80,4.581599377056507e-30
3OXCOAT,0.0
3PEPTabcpp,0.0
3PEPTtex,-0.022152247334042318
3UMPtex,0.0
42A12BOOXpp,0.0
4HOXPACDtex,0.0
4HTHRS,0.0
4PCP,0.0
4PCPpp,0.0
4PEPTabcpp,0.0
4PEPTtex,-0.020509318454257706
5DGLCNR,-0.0014426877000000005
5DGLCNt2rpp,-0.0014426877000000005
5DGLCNtex,-0.0014426877000000005
5DOAN,0.0
5MTRtex,-0.0017196392500000355
5MTRtpp,0.0
A5PISO,-6.3697097708686045e-18
AACPS1,0.0
AACPS2,0.0
AACPS3,0.0
AACPS4,0.0
AACPS5,0.0
AACPS6,0.0
AACPS7,0.0
AACPS8,0.0
AACPS9,0.0
AACTOOR,0.0
AADDGT,-7.696141358752573e-18
AAMYL,0.0
AAMYLpp,0.0
AB6PGH,0.0
ABTA,0.0
ABUTD,0.0
ABUTt2pp,0.0
ABUTtex,-0.1722258595943334
ACACCT,0.0
ACACT1r,-0.09070965593426093
ACACT2r,-0.09070965593424254
ACACT3r,-0.09422327629280933
ACACT4r,-0.19232877336761645
ACACT5r,-0.295890420557995
ACACT6r,-0.2958904205616921
ACACT7r,-0.29589042056170445
ACACT8r,-0.00028269157400611744
ACACt2pp,0.0
ACACtex,0.0
ACALD,-0.315060929080317
ACALDtex,-0.31162179978029775
ACALDtpp,-0.31162179978029775
ACANTHAT,0.0
ACBIPGT,0.0
ACCOAC,0.0
ACCOAL,0.0
ACGAL1PPpp,0.0
ACGAL1Ptex,0.0
ACGALtex,0.0
ACGAM1PPpp,0.0
ACGAM1Ptex,0.0
ACGAMK,0.0
ACGAMT,0.0
ACGAptspp,0.0
ACGAtex,0.0
ACGK,0.0
ACGS,0.0
ACHBS,0.0
ACKr,-0.004147896900014939
ACLS,7.679292432708055e-14
ACM6PH,0.0
ACMAMUT,0.0
ACMANAptspp,0.0
ACMANAtex,0.0
ACMUMptspp,0.0
ACMUMtex,0.0
ACNAMt2pp,0.0
ACNAMtex,0.0
ACNML,0.0
ACOAD1f,-0.097296605569462
ACOAD2f,-0.097296605569462
ACOAD3f,-0.010317835499999997
ACOAD4f,-0.010317835499999992
ACOAD5f,-0.010317835499999994
ACOAD6f,-0.0034392785
ACOAD7f,-0.0009878915351398416
ACOAD8f,0.0
ACOATA,-1.6872376191502927
ACODA,0.0
ACOLIPAabctex,0.0
ACONIs,0.0
ACONMT,0.0
ACONTa,0.008985132799999882
ACONTb,0.0089851328
ACOTA,-0.0034392784999999998
ACPPAT120,0.0
ACPPAT140,0.0
ACPPAT141,0.0
ACPPAT160,0.0
ACPPAT161,0.0
ACPPAT180,0.0
ACPPAT181,0.0
ACPS1,0.0
ACS,0.000716001
ACSERtex,-0.15810698404995543
ACSERtpp,-8.9698395454708e-13
ACt2rpp,-2.96e-05
ACt4pp,0.0
ACtex,-2.26e-07
ADA,0.0
ADCL,0.0
ADCS,0.0
ADD,0.0
ADEt2rpp,-0.07793795479221899
ADEtex,-0.07793795479221899
ADK1,0.0051977535
ADK3,-1000.0
ADK4,-1.6872376191516791
ADMDC,0.0
ADNCYC,0.00259
ADNK1,0.0
ADNUC,0.0
ADNt2pp,0.0
ADNt2rpp,-1000.0
ADNtex,-0.04627842314320042
ADOCBIK,0.0
ADOCBLS,0.0
ADOCBLabcpp,0.0
ADOCBLtonex,0.0
ADPRDP,0.0
ADPT,0.0
ADSK,1.1102230246251565e-16
ADSL1r,-1.048613973431145e-11
ADSL2r,-2.2734469535692754e-13
ADSS,0.0
AGDC,0.0
AGM3PA,0.0
AGM3PApp,0.0
AGM3PH,0.0
AGM3Pt2pp,0.0
AGM4PA,0.0
AGM4PApp,0.0
AGM4PCP,0.0
AGM4PCPpp,0.0
AGM4PH,0.0
AGM4Pt2pp,0.0
AGMH,0.0
AGMHE,-1.925929944387236e-34
AGMT,0.0
AGMt2pp,0.0
AGMtex,-0.0034392785
AGPAT120,0.0
AGPAT140,0.0
AGPAT141,0.0
AGPAT160,9.331819557075765e-31
AGPAT161,-3.723196545565481e-30
AGPAT180,-2.8674470603820724e-31
AGPAT181,0.0
AGPR,-0.0034392784999422
AGt3,0.0
AHCYSNS,-2.1264840544664232e-32
AICART,-1.1375538065414061e-13
AIRC2,-1.1375538065414061e-13
AIRC3,-0.14407388017810485
AKGDH,9.37e-05
AKGt2rpp,-0.17794797919998473
AKGtex,-0.17794797919998473
ALAALAD,0.0
ALAALAabcpp,0.0
ALAALAr,0.0
ALAALAtex,-0.02932740138048276
ALAGLUE,0.0
ALAR,-5.2903377972303265e-18
ALATA_D2,0.0
ALATA_L,-1000.0
ALATA_L2,0.0
ALATRS,0.0
ALAabcpp,0.0
ALAt2pp,0.0
ALAt2rpp,-1000.0
ALAt4pp,0.0
ALAtex,-0.2529711744798533
ALCD19,-0.14669649240019103
ALCD2x,-0.25297117448069206
ALDD19xr,0.0
ALDD2x,0.0
ALDD2y,0.0
ALDD3y,0.0
ALDD4,0.0
ALLK,0.0
ALLPI,0.0
ALLTAMH,1.9917487542348e-13
ALLTN,1.781500728983576e-13
ALLTNt2rpp,-0.1178786292362505
ALLTNtex,-0.1178786292362505
ALLULPE,0.0
ALLabcpp,0.0
ALLtex,0.0
ALPATE160pp,0.0
ALPATG160pp,0.0
ALR2,0.0
ALR4x,0.0
ALTRH,0.0
AM3PA,0.0
AM4PA,0.0
AM4PCP,0.0
AMALT1,0.0
AMALT2,0.0
AMALT3,0.0
AMALT4,0.0
AMANAPEr,0.0
AMANK,0.0
AMAOTr,0.0
AMMQLT8,0.0
AMPMS2,0.0
AMPN,0.0
AMPTASECG,0.0
AMPTASEPG,0.0
AMPtex,0.0
ANHGMtex,-0.034769556775864366
ANHMK,0.0
ANPRT,0.0
ANS,0.0
AOBUTDs,0.0
AOXSr2,0.0
AP4AH,0.0
AP4AS,0.0
AP5AH,0.0
APCS,0.0
APG3PAT120,0.0
APG3PAT140,0.0
APG3PAT141,0.0
APG3PAT160,0.0
APG3PAT161,0.0
APG3PAT180,0.0
APG3PAT181,0.0
APH120,0.0
APH140,0.0
APH141,0.0
APH160,0.0
APH161,0.0
APH180,0.0
APH181,0.0
APPLDHr,0.0
APRAUR,0.0
ARAI,0.0
ARBTNR1,0.0
ARBTNR2,0.0
ARBTNR3,0.0
ARBTNabcpp,0.0
ARBTNexs,0.0
ARBTNtex,0.0
ARBTNtonex,0.0
ARBTNtpp,0.0
ARBTptspp,0.0
ARBTtex,0.0
ARBabcpp,0.0
ARBt2rpp,-1.7746119321848361
ARBt3ipp,0.0
ARBtex,0.0
ARGAGMt7pp,-0.0034392784999999993
ARGDC,0.0
ARGDCpp,0.0
ARGORNt7pp,0.0
ARGSL,0.0
ARGSS,0.0
ARGTRS,0.0
ARGabcpp,0.0
ARGt3pp,0.0
ARGtex,-0.003439278500025002
ASAD,-0.2885503204000037
ASCBPL,0.0
ASCBptspp,0.0
ASCBtex,0.0
ASNN,0.0
ASNNpp,0.0
ASNS1,0.0
ASNS2,0.0
ASNTRS,0.0
ASNabcpp,0.0
ASNt2rpp,-1.7746119321865605
ASNtex,-0.2118925681405086
ASO3t8pp,0.0
ASO3tex,0.0
ASP1DC,0.0
ASPCT,0.0
ASPK,0.0
ASPO3,0.0
ASPO4,0.0
ASPO5,0.0
ASPO6,0.0
ASPT,0.0
ASPTA,-0.3256167045688032
ASPTRS,0.0
ASPabcpp,0.0
ASPt2_2pp,0.0
ASPt2_3pp,0.0
ASPt2pp,0.0
ASPt2rpp,-1000.0
ASPtex,-0.21189256813306656
ASR,0.0
AST,0.0
ATHRDHr,-3.889369067318539
ATPHs,0.0
ATPM,1.0649055388
ATPPRT,0.0
ATPS4rpp,1.0654204434
BALAt2pp,0.0
BALAtex,0.0
BETALDHx,0.0
BETALDHy,0.0
BMOCOS,0.0
BMOGDS1,0.0
BMOGDS2,0.0
BPNT,0.0
BSORx,0.0
BSORy,0.0
BTNt2ipp,0.0
BTNtex,0.0
BTS5,4.5031073205474433e-20
BUTCT,0.0
BUTSO3abcpp,0.0
BUTSO3tex,0.0
BUTt2rpp,0.0
BUTtex,0.0
BWCOGDS1,0.0
BWCOGDS2,0.0
BWCOS,0.0
CA2t3pp,0.0
CA2tex,4.547473508864641e-13
CADVtpp,-3.494472470951308e-14
CAT,0.0
CAt6pp,-1000.0
CBIAT,0.0
CBItonex,0.0
CBIuabcpp,0.0
CBL1abcpp,0.0
CBL1tonex,0.0
CBLAT,0.0
CBMD,0.0
CBMKr,-0.8436188095753235
CBPS,0.0
CCGS,0.0
CD2abcpp,0.0
CD2t3pp,0.0
CD2tex,0.0
CD2tpp,0.0
CDAPPA120,0.0
CDAPPA140,0.0
CDAPPA141,0.0
CDAPPA160,0.0
CDAPPA161,0.0
CDAPPA180,0.0
CDAPPA181,0.0
CDGR,0.0
CDGS,0.0
CDPMEK,0.0
CFAS160E,0.0
CFAS160G,0.0
CFAS180E,0.0
CFAS180G,0.0
CGLYabcpp,0.0
CGLYtex,-0.003439278499999961
CHLabcpp,0.0
CHLt2pp,0.0
CHLtex,0.0
CHOLD,0.0
CHORM,0.0
CHORS,0.0
CHRPL,0.0
CHTBSptspp,6.1629758220391424e-33
CHTBStex,6.1629758220391424e-33
CINNDO,0.0
CITL,0.0
CITt3pp,0.0
CITt7pp,0.0
CITtex,-0.17216822667864662
CLIPAabctex,0.0
CLPNH120pp,0.0
CLPNH140pp,0.0
CLPNH141pp,0.0
CLPNH160pp,0.0
CLPNH161pp,0.0
CLPNH180pp,0.0
CLPNH181pp,0.0
CLPNS120pp,0.0
CLPNS140pp,0.0
CLPNS141pp,0.0
CLPNS160pp,0.0
CLPNS161pp,1.9348870736529465e-19
CLPNS180pp,0.0
CLPNS181pp,0.0
CLt3_2pp,0.0
CLtex,0.0
CMPN,0.0
CMPtex,6.15746599155722e-33
CMtex,0.0
CMtpp,0.0
CO2tex,-1.1849644635999805
CO2tpp,-1.1165189004999463
COBALT2abcpp,0.0
COBALT2t3pp,0.0
COBALT2tex,0.0
COBALT2tpp,0.0
COLIPAKpp,0.0
COLIPAPabctex,0.0
COLIPAabcpp,0.0
COLIPAabctex,0.0
CPGNR1,0.0
CPGNR2,0.0
CPGNR3,0.0
CPGNUtex,0.0
CPGNUtpp,0.0
CPGNabcpp,0.0
CPGNexs,0.0
CPGNtonex,0.0
CPH4S,0.0
CPMPS,0.0
CPPPGO,0.0
CPPPGO2,0.0
CRNBTCT,0.0
CRNCAL2,0.0
CRNCAR,0.0
CRNCBCT,0.0
CRNCDH,0.0
CRNDCAL2,0.0
CRNDabcpp,0.0
CRNDt2rpp,-1.7746119321914564
CRNDtex,0.0
CRNabcpp,0.0
CRNt2rpp,-1000.0
CRNt7pp,0.0
CRNt8pp,0.0
CRNtex,0.0
CS,0.00898513280011978
CSND,0.0
CSNt2pp,0.0
CSNtex,0.0
CTBTCAL2,0.0
CTBTabcpp,0.0
CTBTt2rpp,-1.7746119321877813
CTECOAI6,-0.2958904205599987
CTECOAI7,-0.2958904205603415
CTECOAI8,-0.00028269157400617723
CTPS2,0.0
CU1Opp,0.0
CU1abcpp,0.0
CU2abcpp,0.0
CU2tex,0.0
CU2tpp,0.0
CUt3,0.0
CUtex,0.0
CYANST,0.0
CYANSTpp,0.0
CYANtex,0.0
CYNTAH,0.0
CYNTt2pp,0.0
CYNTtex,0.0
CYSDDS,0.0
CYSDS,0.0
CYSDabcpp,0.0
CYSDtex,0.0
CYSS,0.0
CYSSADS,0.0
CYSTL,1.9011452747143517e-21
CYSTRS,0.0
CYSabc2pp,0.0
CYSabcpp,0.0
CYStex,-0.0034392784999999586
CYStpp,0.0
CYTBD2pp,0.0
CYTBDpp,0.31483826309999996
CYTBO3_4pp,0.3740734543
CYTD,0.0
CYTDH,0.0
CYTDK2,0.0
CYTDt2pp,0.0
CYTDt2rpp,-1000.0
CYTDtex,-0.07113303513348408
CYTK1,-0.562412539716296
CYTK2,-0.07268355610013454
D_DASH_LACt2pp,-0.25297117447996254
D_DASH_LACtex,-0.2529711744806447
DAAD,0.0
DADA,0.0
DADK,-0.07268355610022735
DADNt2pp,0.0
DADNtex,2.615156073818614e-29
DAGK120,0.0
DAGK140,0.0
DAGK141,0.0
DAGK160,0.0
DAGK161,0.0
DAGK180,0.0
DAGK181,0.0
DALAt2pp,0.0
DALAtex,-0.05865480276105866
DAMPtex,-6.310887241768096e-30
DAPAL,0.0
DAPDC,0.0
DAPE,0.0
DAPabcpp,0.0
DAPtex,-0.09631480369997335
DASYN120,0.0
DASYN140,0.0
DASYN141,0.0
DASYN160,6.310887241768094e-29
DASYN161,0.0
DASYN180,0.0
DASYN181,0.0
DATPHs,0.0
DB4PS,0.0
DBTS,0.0
DC6PH,0.0
DCAtex,0.0
DCMPtex,0.0
DCTPD,0.0
DCYTD,0.0
DCYTt2pp,0.0
DCYTtex,0.0
DDCAtexi,0.0
DDGALK,0.0
DDGLCNt2rpp,0.0
DDGLCNtex,0.0
DDGLK,0.0
DDPA,-5.922869951942421e-30
DDPGALA,0.0
DGK1,-0.07268355610029253
DGMPtex,0.0
DGSNt2pp,0.0
DGSNtex,0.0
DHACOAH,0.0
DHAD1,6.27023685498526e-17
DHAD2,0.0
DHAPT,0.0
DHAtex,-0.1466964924001326
DHAtpp,-0.14669649240013263
DHBD,0.0
DHBS,0.0
DHBSH,0.0
DHCIND,0.0
DHCINDO,0.0
DHDPRy,0.0
DHDPS,0.0
DHFR,0.0
DHFS,0.0
DHMPTR,0.0
DHNAOT4,0.0
DHNCOAS,0.0
DHNCOAT,0.0
DHNPA2r,0.0
DHNPTE,0.0
DHORD2,0.0
DHORD5,0.0
DHORDfum,0.0
DHORTS,-0.21189256814052496
DHPPD,0.0
DHPPDA2,0.0
DHPS2,0.0
DHPTDCs2,0.0
DHPTDNR,0.0
DHPTDNRN,0.0
DHPTPE,0.0
DHQS,0.0
DHQTi,0.0
DIMPtex,0.0
DINSt2pp,0.0
DINStex,0.0
DKGLCNR1,0.0
DKGLCNR2x,0.0
DKGLCNR2y,0.0
DMATT,0.0
DMPPS,0.0
DMQMT,0.0
DMSOR1,0.0
DMSOR1pp,0.0
DMSOR2,0.0
DMSOR2pp,0.0
DMSOtex,0.0
DMSOtpp,0.0
DMStex,0.0
DNMPPA,0.0
DNTPPA,0.0
DOGULNR,0.0
DOPAtex,0.0
DOXRBCNtex,0.0
DOXRBCNtpp,0.0
DPCOAK,1.3877787807814457e-17
DPR,1.3877787807814457e-17
DRPA,0.0
DSBAO1,0.0
DSBAO2,0.0
DSBCGT,0.0
DSBDR,0.0
DSBGGT,0.0
DSERDHr,-0.20274637773412454
DSERt2pp,0.0
DSERtex,0.0
DTARTD,0.0
DTMPK,0.0
DTMPtex,0.0
DUMPtex,0.0
DURADx,0.0
DURIK1,0.0
DURIPP,-0.14126171209378469
DURIt2pp,0.0
DURItex,-9.291813059341316e-46
DUTPDP,0.0
DXPRIi,0.0
DXPS,0.0
DXYLK,0.0
E4PD,0.0
EAR100x,0.0
EAR100y,0.0
EAR120x,0.0
EAR120y,0.0
EAR121x,0.0
EAR121y,0.0
EAR140x,0.0
EAR140y,0.0
EAR141x,0.0
EAR141y,0.0
EAR160x,0.0
EAR160y,0.0
EAR161x,0.0
EAR161y,0.0
EAR180x,0.0
EAR180y,0.0
EAR181x,0.0
EAR181y,0.0
EAR40x,0.0
EAR40y,0.0
EAR60x,0.0
EAR60y,0.0
EAR80x,0.0
EAR80y,0.0
ECA4COLIPAabctex,0.0
ECA4OALpp,0.0
ECAP1pp,0.0
ECAP2pp,0.0
ECAP3pp,0.0
ECAtpp,0.0
ECOAH1,-0.0907096559326909
ECOAH2,-0.0907096559326909
ECOAH3,-0.09422327629215974
ECOAH4,-0.19232877336369297
ECOAH5,-0.2958904205595229
ECOAH6,-0.2958904205595246
ECOAH7,-0.2958904205595289
ECOAH8,-0.2958904205595297
EDA,0.0027872551
EDD,0.0027872551
EDTXS1,0.0
EDTXS2,0.0
EDTXS3,0.0
EDTXS4,0.0
EGMEACPR,0.0
ENLIPAabctex,0.0
ENO,0.2994510437
ENTCS,0.0
ENTERES,0.0
ENTERES2,0.0
EPMEACPR,0.0
ETHAAL,0.0
ETHAt2pp,0.0
ETHAtex,-0.14502620976632846
ETHSO3abcpp,0.0
ETHSO3tex,0.0
ETOHtex,-0.25297117448004686
ETOHtrpp,-0.25297117448002826
F6PA,-0.21868401949992558
F6PP,0.0
F6Pt6_2pp,0.0
F6Ptex,0.0
FA100ACPHi,0.0
FA120ACPHi,0.0
FA140ACPHi,0.0
FA141ACPHi,0.0
FA160ACPHi,0.0
FA161ACPHi,0.0
FA80ACPHi,0.0
FACOAE100,0.0
FACOAE120,0.0
FACOAE140,0.0
FACOAE141,0.0
FACOAE160,0.0
FACOAE161,0.0
FACOAE180,0.0
FACOAE181,0.0
FACOAE60,0.0
FACOAE80,0.0
FACOAL100t2pp,0.0
FACOAL120t2pp,0.0
FACOAL140t2pp,0.0
FACOAL141t2pp,0.0
FACOAL160t2pp,0.0
FACOAL161t2pp,0.0
FACOAL180t2pp,-2.168404344971009e-19
FACOAL181t2pp,0.0
FACOAL60t2pp,0.0
FACOAL80t2pp,0.0
FADRx,0.0
FADRx2,0.0
FALDH2,0.0
FALDtex,0.0
FALDtpp,0.0
FALGTHLs,0.0
FBA,0.08112284519999999
FBA3,2.1775750267813105e-15
FBP,1.15e-13
FCI,0.0
FCLK,0.0
FCLPA,0.0
FCLT,-1.7002654980561444e-14
FDH4pp,0.0
FDH5pp,0.0
FDMO,0.0
FDMO2,0.0
FDMO3,0.0
FDMO4,0.0
FDMO6,0.0
FE2abcpp,0.0
FE2t2pp,0.0
FE2t3pp,0.0
FE2tex,-0.8353857334769618
FE2tpp,0.0
FE3DCITabcpp,0.0
FE3DCITtonex,0.0
FE3DHBZR,0.0
FE3DHBZSabcpp,0.0
FE3DHBZStonex,0.0
FE3HOXR1,0.0
FE3HOXR2,0.0
FE3HOXR3,0.0
FE3HOXUtex,0.0
FE3HOXUtpp,0.0
FE3HOXabcpp,0.0
FE3HOXexs,0.0
FE3HOXtonex,0.0
FE3Ri,0.0
FE3abcpp,0.0
FE3tex,-1000.0
FECRMR1,0.0
FECRMR2,0.0
FECRMR3,0.0
FECRMUtex,0.0
FECRMUtpp,0.0
FECRMabcpp,0.0
FECRMexs,0.0
FECRMtonex,0.0
FEENTERR1,0.0
FEENTERR2,0.0
FEENTERR3,0.0
FEENTERabcpp,0.0
FEENTERexs,0.0
FEENTERtex,-7.089531542394607e-18
FEENTERtonex,0.0
FEENTERtpp,-7.089531542394607e-18
FEOXAMR1,0.0
FEOXAMR2,0.0
FEOXAMR3,0.0
FEOXAMUtex,-2.588019063623004e-13
FEOXAMUtpp,-2.588019063623004e-13
FEOXAMabcpp,0.0
FEOXAMexs,0.0
FEOXAMtonex,0.0
FEROpp,0.0
FESD1s,0.0
FESD2s,0.0
FESR,0.0
FFSD,0.0
FHL,0.0
FLDR2,0.0
FLVR,0.0
FLVRx,0.0
FMETTRS,0.0
FMNAT,0.0
FMNRx,0.0
FMNRx2,0.0
FOMETRi,0.0
FORCT,0.0
FORt2pp,0.0
FORtex,-0.9123586998047057
FORtppi,1.1666015375944028e-16
FRD2,0.0
FRD3,0.0
FRUK,0.0
FRULYSDG,0.0
FRULYSE,0.0
FRULYSK,0.0
FRULYSt2pp,0.0
FRULYStex,0.0
FRUURt2rpp,0.0
FRUURtex,0.0
FRUpts2pp,0.0
FRUptspp,0.0
FRUtex,0.0
FTHFD,0.0
FTHFLi,0.0
FUCtex,0.0
FUCtpp,0.0
FUM,0.0111304693
FUMt2_2pp,0.0
FUMt2_3pp,0.0
FUMtex,0.0
FUSAtex,0.0
FUSAtpp,0.0
G1PACT,0.0
G1PPpp,0.0
G1PTT,0.0
G1Ptex,0.0
G1SAT,0.0
G2PP,0.0
G2PPpp,0.0
G3PAT120,0.0
G3PAT140,0.0
G3PAT141,0.0
G3PAT160,0.0
G3PAT161,0.0
G3PAT180,0.0
G3PAT181,0.0
G3PCabcpp,0.0
G3PCtex,0.0
G3PD2,-0.8889237409020104
G3PD5,0.0
G3PD6,0.0
G3PD7,0.0
G3PEabcpp,0.0
G3PEtex,-0.03050000000064968
G3PGabcpp,0.0
G3PGtex,-0.030500000000649657
G3PIabcpp,0.0
G3PItex,0.0
G3PSabcpp,0.0
G3PStex,0.0
G3PT,0.0
G5SADs,0.0
G5SD,0.0
G6PDA,0.0
G6PDH2r,0.00017747529999999982
G6PP,0.0
G6Pt6_2pp,0.0
G6Ptex,0.0
GAL1PPpp,0.0
GAL1Ptex,0.0
GALBDtex,0.0
GALCTD,0.0
GALCTLO,0.0
GALCTND,0.0
GALCTNLt2pp,0.0
GALCTNLtex,0.0
GALCTNt2pp,0.0
GALCTNtex,0.0
GALCTt2rpp,0.0
GALCTtex,0.0
GALKr,0.0
GALM2pp,0.0
GALS3,0.0
GALT1,0.0
GALTptspp,0.0
GALTtex,0.0
GALURt2rpp,0.0
GALURtex,0.0
GALUi,0.0
GALabcpp,0.0
GALt2pp,0.0
GALtex,0.0
GAM6Pt6_2pp,0.0
GAMAN6Ptex,0.0
GAMptspp,0.0
GAMtex,0.0
GAPD,0.2972381107
GARFT,-1.6872376191515785
GART,0.0
GBBTNtex,0.0
GCALDD,2.7808369118543685e-21
GDMANE,0.0
GDPDPK,0.0
GDPMNH,0.0
GDPMNP,0.0
GDPTPDP,0.0
GDPtex,0.0
GF6PTA,0.0
GGGABADr,0.0
GGGABAH,0.0
GGPTRCO,0.0
GGPTRCS,0.0
GHBDHx,0.0
GHMT2r,-0.10992633357352456
GK1,0.00268
GLBRAN2,0.0
GLCATr,0.0
GLCDpp,0.0
GLCNt2rpp,0.0
GLCNtex,-0.0014426877000000005
GLCP,0.0
GLCP2,0.0
GLCRAL,0.0
GLCRD,0.0
GLCRt2rpp,0.0
GLCRtex,0.0
GLCS1,0.0
GLCTR1,-1.7323507070081594e-19
GLCTR2,-1.7323507070081594e-19
GLCTR3,-1.7323507070081594e-19
GLCUR1Ptex,0.0
GLCURt2rpp,0.0
GLCURtex,0.0
GLCabcpp,0.0
GLCptspp,0.2285573123
GLCt2pp,0.0
GLCtex,-1.0019999999999474e-06
GLCtexi,0.2299850323
GLDBRAN2,0.0
GLGC,0.0
GLNS,0.0
GLNTRS,0.0
GLNabcpp,0.0
GLNtex,0.0
GLTPD,0.0
GLU5K,0.0
GLUABUTt7pp,3.0814879110195774e-33
GLUCYS,0.0
GLUDC,0.0
GLUDy,-0.8683522385509097
GLUN,0.0
GLUNpp,0.0
GLUPRT,-3.261974024226788e-14
GLUR,-0.036437074442288234
GLUSy,0.0
GLUTRR,0.0
GLUTRS,0.0
GLUabcpp,0.0
GLUt2rpp,-1000.0
GLUt4pp,0.0
GLUtex,-0.17222585959393655
GLXCL,0.0
GLYALDtex,-0.1466964924
GLYALDtpp,-0.1466964924
GLYAT,-0.2885503204005413
GLYBabcpp,0.0
GLYBt2pp,0.0
GLYBtex,0.0
GLYC2Pabcpp,0.0
GLYC2Ptex,0.0
GLYC3Pabcpp,0.0
GLYC3Pt6pp,0.0
GLYC3Ptex,-0.030500000000648914
GLYCAt2rpp,-0.10896592426993981
GLYCAtex,-0.10896592426993981
GLYCDx,0.0
GLYCK,0.0
GLYCK2,0.0
GLYCL,0.0
GLYCLTDx,0.0
GLYCLTDy,0.0
GLYCLTt2rpp,-1000.0
GLYCLTt4pp,0.0
GLYCLTtex,-0.20954838284058042
GLYCTO2,0.0
GLYCTO3,0.0
GLYCTO4,0.0
GLYCtex,-0.12806359799089806
GLYCtpp,-0.3471062827145892
GLYK,0.0
GLYOX,0.0
GLYOX3,0.0
GLYTRS,0.0
GLYt2pp,0.0
GLYt2rpp,-1000.0
GLYt4pp,0.0
GLYtex,-0.22808967494995613
GMAND,0.0
GMHEPAT,-1.4891761986315006e-32
GMHEPK,0.0
GMHEPPA,0.0
GMPR,0.0
GMPS2,0.0
GMPtex,0.0
GND,-0.006280491800000032
GNK,0.0
GOFUCR,0.0
GP4GH,0.0
GPDDA1,0.0
GPDDA1pp,0.0
GPDDA2,0.0
GPDDA2pp,0.0
GPDDA3,0.0
GPDDA3pp,0.0
GPDDA4,0.0
GPDDA4pp,0.0
GPDDA5,0.0
GPDDA5pp,0.0
GRTT,0.0
GRXR,0.0
GSNK,0.0
GSNt2pp,0.0
GSNtex,0.0
GSPMDA,0.0
GSPMDS,0.0
GTHOXtex,0.0
GTHOr,0.0
GTHPi,0.0
GTHRDHpp,0.0
GTHRDabc2pp,0.0
GTHRDabcpp,0.0
GTHRDtex,-0.0034392784999681693
GTHS,0.0
GTPCI,0.0
GTPCII2,0.0
GTPDPDP,0.0
GTPDPK,0.0
GTPHs,0.0
GTPtex,0.0
GUACYC,0.00268
GUAD,0.0
GUAPRT,0.0
GUAt2pp,0.0
GUAtex,-0.09447024823285181
GUAtpp,-5.846361891939388
GUI1,0.0
GUI2,0.0
GUR1PPpp,0.0
H2O2tex,0.0
H2Otex,-501.8149508131063
H2Otpp,-2.908941869760592
H2SO,0.0
H2St1pp,0.0
H2Stex,-0.18655927972516623
H2tex,0.0
H2tpp,0.0
HACD1,-0.09070965593192108
HACD2,-0.09070965593192108
HACD3,-0.09422327629138187
HACD4,-0.19232877337223575
HACD5,-0.2958904205722086
HACD6,-0.29589042056054193
HACD7,-0.29589042056057674
HACD8,-0.29589042056071774
HADPCOADH3,0.0
HBZOPT,0.0
HCINNMt2rpp,0.0
HCINNMtex,0.0
HCO3E,-6.097464136512226e-13
HCYSMT,0.0
HCYSMT2,0.0
HDCAtexi,0.0
HDCEAtexi,0.0
HEMEOS,-1.7059583503880558e-15
HEPK1,-8.924146897548975e-14
HEPK2,-8.924146897548975e-14
HEPT1,-8.924146897548975e-14
HEPT2,-8.924146897548975e-14
HEPT3,-8.924146897548975e-14
HEPT4,-8.924146897548975e-14
HETZK,0.0
HEX1,0.0
HEX4,0.0
HEX7,0.0
HEXt2rpp,-1.6965349263168132
HG2abcpp,0.0
HG2t3pp,0.0
HG2tex,0.0
HISTD,0.0
HISTP,0.0
HISTRS,0.0
HISabcpp,0.0
HISt2rpp,-1.7746119321976985
HIStex,-0.07268355609998589
HKNDDH,0.0
HKNTDH,0.0
HMBS,0.0
HMPK1,0.0
HOMt2pp,0.0
HOMtex,-0.14729267733313675
HOPNTAL,0.0
HPPK2,0.0
HPPPNDO,0.0
HPPPNt2rpp,0.0
HPPPNtex,0.0
HPYRI,-1000.0
HPYRRx,0.0
HPYRRy,0.0
HSDy,-0.2885503203996941
HSK,0.0
HSST,0.0
HSTPT,0.0
HXAND,0.0
HXAtex,-0.09729660556904454
HXCT,0.0
HXPRT,0.0
HYD1pp,0.0
HYD2pp,0.0
HYD3pp,0.0
HYPOE,0.0
HYXNtex,-0.09928401884332706
HYXNtpp,-0.09928401884332683
Htex,-1.1411815744304477
I2FE2SR,0.0
I2FE2SS,0.0
I2FE2SS2,0.0
I2FE2ST,0.0
I4FE4SR,1.0996155663881217e-32
I4FE4ST,0.0
ICDHyr,0.0010446431
ICHORS,-1000.0
ICHORSi,0.0
ICHORT,-4.9395488294379395e-23
ICL,0.0005229114
ICYSDS,0.0
IDOND,-3.889369067321317
IDOND2,0.0
IDONt2rpp,-0.0014426876999997988
IDONtex,-0.0014426876999997988
IG3PS,0.0
IGPDH,0.0
IGPS,0.0
ILETA,-0.08802759589718541
ILETRS,0.0
ILEabcpp,0.0
ILEt2rpp,-1.774611932188316
ILEtex,-0.0880275958969644
IMPC,-0.14407388017770176
IMPD,0.0
IMPtex,0.0
INDOLEt2pp,0.0
INDOLEt2rpp,-0.03634246875011829
INDOLEtex,-0.036342468750113675
INOSTt4pp,0.0
INSH,0.0
INSK,0.0
INSTtex,1.6829032644714918e-29
INSt2pp,0.0
INSt2rpp,-1000.0
INStex,-0.05296993869387734
IPDDI,-3.301537135752095e-05
IPDPS,0.0
IPMD,3.4720866880051146e-12
IPPMIa,-0.10387393326026172
IPPMIb,-0.10387393326026172
IPPS,0.0
ISETACabcpp,0.0
ISETACtex,0.0
K2L4Aabcpp,0.0
K2L4Aabctex,0.0
KARA1,-0.12648558724018966
KARA2,0.0
KAS14,0.0
KAS15,0.0
KDOCT2,-3.6904456645951905e-17
KDOPP,-3.6904456645951905e-17
KDOPS,-3.6904456645951905e-17
KG6PDC,0.0
Kabcpp,0.0
Kt2pp,0.0
Kt3pp,0.0
Ktex,0.0
L_DASH_LACD2,0.0
L_DASH_LACD3,0.0
L_DASH_LACt2rpp,-0.191232562266596
L_DASH_LACtex,-0.19123256226658078
LA4NTpp,0.0
LACZ,0.0
LACZpp,0.0
LADGMDH,0.0
LALADGLUtex,5.512089101654061e-14
LALADGLUtpp,0.0
LALALGLUtex,0.0
LALALGLUtpp,0.0
LALDO2x,0.0
LALDO3,0.0
LALGP,1.1305065846688175e-14
LCADi,0.0
LCARR,0.0
LCARS,0.0
LCTSt3ipp,0.0
LCTStex,0.0
LCTStpp,0.0
LDH_D,-0.7462371189088759
LDH_D2,0.0
LEUTAi,0.0
LEUTRS,0.0
LEUabcpp,0.0
LEUt2rpp,-1.8183121086435468
LEUtex,-0.10387393325980238
LGTHL,0.0
LIPACabcpp,0.0
LIPAHT2ex,0.0
LIPAHTex,0.0
LIPAMPL,1.5062910284313573e-19
LIPATPT,0.0
LIPAabcpp,0.0
LIPAabctex,0.0
LIPOCT,0.0
LIPOS,-1.5612054525403081e-31
LIPOt2pp,0.0
LIPOtex,0.0
LPADSS,1.1507877724027312e-29
LPLIPAL1A120pp,0.0
LPLIPAL1A140pp,0.0
LPLIPAL1A141pp,0.0
LPLIPAL1A160pp,0.0
LPLIPAL1A161pp,0.0
LPLIPAL1A180pp,0.0
LPLIPAL1A181pp,0.0
LPLIPAL1E120pp,0.0
LPLIPAL1E140pp,0.0
LPLIPAL1E141pp,0.0
LPLIPAL1E160pp,0.0
LPLIPAL1E161pp,0.0
LPLIPAL1E180pp,0.0
LPLIPAL1E181pp,0.0
LPLIPAL1G120pp,0.0
LPLIPAL1G140pp,0.0
LPLIPAL1G141pp,0.0
LPLIPAL1G160pp,0.0
LPLIPAL1G161pp,0.0
LPLIPAL1G180pp,0.0
LPLIPAL1G181pp,0.0
LPLIPAL2A120,0.0
LPLIPAL2A140,0.0
LPLIPAL2A141,0.0
LPLIPAL2A160,0.0
LPLIPAL2A161,0.0
LPLIPAL2A180,0.0
LPLIPAL2A181,0.0
LPLIPAL2ATE120,0.0
LPLIPAL2ATE140,0.0
LPLIPAL2ATE141,0.0
LPLIPAL2ATE160,0.0
LPLIPAL2ATE161,0.0
LPLIPAL2ATE180,0.0
LPLIPAL2ATE181,0.0
LPLIPAL2ATG120,0.0
LPLIPAL2ATG140,0.0
LPLIPAL2ATG141,0.0
LPLIPAL2ATG160,0.0
LPLIPAL2ATG161,0.0
LPLIPAL2ATG180,0.0
LPLIPAL2ATG181,0.0
LPLIPAL2E120,0.0
LPLIPAL2E140,0.0
LPLIPAL2E141,0.0
LPLIPAL2E160,0.0
LPLIPAL2E161,0.0
LPLIPAL2E180,0.0
LPLIPAL2E181,0.0
LPLIPAL2G120,0.0
LPLIPAL2G140,0.0
LPLIPAL2G141,0.0
LPLIPAL2G160,0.0
LPLIPAL2G161,0.0
LPLIPAL2G180,0.0
LPLIPAL2G181,0.0
LSERDHr,0.0
LYSDC,0.0
LYSTRS,0.0
LYSabcpp,0.0
LYSt2pp,0.0
LYSt3pp,0.0
LYStex,-0.09631480369981071
LYXI,0.0
LYXt2pp,0.0
LYXtex,0.0
M1PD,0.0
MACPD,0.0
MALCOAMT,-1.5324285826060013e-35
MALDDH,0.0
MALDt2_2pp,0.0
MALDtex,0.0
MALS,0.0002787429
MALTATr,0.0
MALTHXabcpp,0.0
MALTHXtexi,0.0
MALTPTabcpp,0.0
MALTPTtexi,0.0
MALTTRabcpp,0.0
MALTTRtexi,0.0
MALTTTRabcpp,0.0
MALTTTRtexi,0.0
MALTabcpp,0.0
MALTptspp,0.0
MALTtexi,0.0
MALt2_2pp,0.0
MALt2_3pp,0.0
MALt3pp,0.0
MALtex,-0.24288941359996027
MAN1PT2,0.0
MAN6PI,0.0
MAN6Pt6_2pp,0.0
MAN6Ptex,0.0
MANAO,0.0
MANGLYCptspp,0.0
MANGLYCtex,0.0
MANPGH,0.0
MANptspp,0.0
MANtex,0.0
MCITD,0.0
MCITL2,0.0
MCITS,0.0
MCOATA,0.0
MCPST,0.0
MCTP1App,0.0
MCTP1Bpp,0.0
MCTP2App,0.0
MDDCP1pp,0.0
MDDCP2pp,0.0
MDDCP3pp,0.0
MDDCP4pp,0.0
MDDCP5pp,0.0
MDDEP1pp,0.0
MDDEP2pp,0.0
MDDEP3pp,0.0
MDDEP4pp,0.0
MDH,-1.0704123468990876
MDH2,0.4383423599
MDH3,0.0
ME1,0.00201
ME2,0.0
MECDPDH5,0.0
MECDPS,0.0
MELIBt2pp,0.0
MELIBt3ipp,0.0
MELIBtex,0.0
MEOHtex,-1.1627177806363447e-08
MEOHtrpp,-1.1627177806363445e-08
MEPCT,0.0
METAT,0.0
METDabcpp,0.0
METDtex,0.0
METOX1s,0.0
METOX2s,0.0
METS,5.78154681259493e-14
METSOX1abcpp,0.0
METSOX1tex,7.997739200492607e-30
METSOX2abcpp,0.0
METSOX2tex,-2.524354896707238e-29
METSOXR1,4.7986435202955646e-29
METSOXR2,0.0
METTRS,0.0
METabcpp,0.0
METtex,0.0
MG2t3_2pp,-2.9231809459737406
MG2tex,0.0
MG2tpp,0.0
MG2uabcpp,0.0
MGSA,0.0
MI1PP,0.0
MICITDr,0.0
MINCYCtex,0.0
MINCYCtpp,0.0
MINOHPtexi,0.0
MLDCP1App,0.0
MLDCP1Bpp,0.0
MLDCP2App,0.0
MLDCP2Bpp,0.0
MLDCP3App,0.0
MLDEP1pp,0.0
MLDEP2pp,0.0
MLTG1,0.0
MLTG2,0.0
MLTG3,0.0
MLTG4,0.0
MLTG5,0.0
MLTGY1pp,0.0
MLTGY2pp,0.0
MLTGY3pp,0.0
MLTGY4pp,0.0
MLTP1,-1.6872376191496181
MLTP2,-1.687237619149416
MLTP3,-1.687237619149416
MMCD,0.0
MMETt2pp,0.0
MMETtex,0.0
MMM,0.0
MN2t3pp,0.0
MN2tpp,0.0
MN6PP,0.0
MNLptspp,0.0
MNLtex,0.0
MNNH,0.0
MNt2pp,0.0
MNtex,0.0
MOADSUx,0.0
MOAT,0.0
MOAT2,0.0
MOAT3C,0.0
MOBDabcpp,0.0
MOBDtex,0.0
MOCDS,0.0
MOCOS,0.0
MOGDS,0.0
MOHMT,0.0
MOX,-0.8341696518006025
MPTAT,0.0
MPTG,0.0
MPTG2,0.0
MPTS,0.0
MPTSS,0.0
MSAR,0.0
MSO3abcpp,0.0
MSO3tex,0.0
MTAN,0.0
MTHFC,-0.10992633357256998
MTHFD,-0.10992633357270108
MTHFR2,0.0
MTHTHFSs,-9.137870447696982e-15
MTRPOX,0.0
N2Otex,0.0
N2Otpp,0.0
NACODA,0.0
NACtex,0.0
NACtpp,0.0
NADDP,0.0
NADH10,0.0
NADH16pp,0.3105633504
NADH17pp,0.0
NADH18pp,0.0
NADH5,0.444
NADH9,0.0
NADK,9.71445146547012e-17
NADN,0.0
NADPHQR2,0.0
NADPHQR3,0.0
NADPHQR4,0.0
NADPPPS,0.0
NADS1,-9.25185853854297e-19
NADTRHD,-0.0651909135
NAMNPP,0.0
NAt3_1p5pp,0.0
NAt3_2pp,0.0
NAt3pp,0.0
NAtex,4.9378490391601554e-14
NDPK1,-999.9973200000001
NDPK2,1.925929944387236e-34
NDPK3,-0.5624125397168168
NDPK4,0.0
NDPK5,-0.07268355610021307
NDPK6,0.0
NDPK7,-0.072683556100051
NDPK8,-0.07268355610005099
NH4tex,-3.570294897730998e-13
NH4tpp,-3.570294897730998e-13
NHFRBO,0.0
NI2abcpp,0.0
NI2t3pp,0.0
NI2tex,0.0
NI2tpp,0.0
NI2uabcpp,0.0
NMNAT,0.0
NMNDA,0.0
NMNN,0.0
NMNPtpp,0.0
NMNt7pp,0.0
NMNtex,0.0
NNAM,8.83182416089312e-14
NNATr,1.110253416202406e-13
NNDMBRT,0.0
NNDPR,1.110253416202406e-13
NO2t2rpp,0.0
NO2tex,0.0
NO3R1bpp,0.0
NO3R1pp,0.0
NO3R2bpp,0.0
NO3R2pp,0.0
NO3t7pp,0.0
NO3tex,0.0
NODOx,0.0
NODOy,0.0
NOVBCNtex,0.0
NOVBCNtpp,0.0
NOtex,8.141207085716972e-30
NOtpp,8.141207085716972e-30
NTD1,0.0
NTD10,0.0
NTD10pp,0.0
NTD11,0.0
NTD11pp,0.0
NTD12,0.0
NTD12pp,0.0
NTD1pp,0.0
NTD2,0.0
NTD2pp,0.0
NTD3,0.0
NTD3pp,0.0
NTD4,0.0
NTD4pp,0.0
NTD5,0.0
NTD5pp,0.0
NTD6,0.0
NTD6pp,0.0
NTD7,0.0
NTD7pp,0.0
NTD8,0.0
NTD8pp,0.0
NTD9,0.0
NTD9pp,2.41403554037788e-29
NTP1,0.0
NTP10,0.0
NTP11,0.0
NTP12,0.0
NTP3,0.0
NTP3pp,0.0
NTP5,0.0
NTPP1,0.0
NTPP10,0.0
NTPP11,0.0
NTPP2,0.0
NTPP3,0.0
NTPP4,0.0
NTPP5,0.0
NTPP6,0.0
NTPP7,0.0
NTPP8,0.0
NTPP9,0.0
NTPTP1,0.0
NTPTP2,0.0
NTRIR2x,0.0
NTRIR3pp,0.0
NTRIR4pp,0.0
O16A4COLIPAabctex,0.0
O16A4Lpp,0.0
O16AP1pp,0.0
O16AP2pp,0.0
O16AP3pp,0.0
O16AT,0.0
O16AUNDtpp,0.0
O16GALFT,0.0
O16GLCT1,0.0
O16GLCT2,0.0
O2Stex,0.0
O2tex,0.5982256525999999
O2tpp,0.5982256525999999
OAADC,0.0
OBTFL,0.0
OCBT,0.0
OCDCAtexi,0.0
OCDCEAtexi,0.0
OCTAtex,0.0
OCTDPS,0.0
OCTNLL,0.0
OGMEACPD,0.0
OGMEACPR,0.0
OGMEACPS,0.0
OHPBAT,0.0
OHPHM,0.0
OMBZLM,0.0
OMCDC,0.0
OMMBLHX,0.0
OMMBLHX3,0.0
OMPDC,-4.20978780328447e-31
OMPHHX,0.0
OMPHHX3,0.0
OP4ENH,0.0
OPHBDC,0.0
OPHHX,0.0
OPHHX3,0.0
OPMEACPD,0.0
OPMEACPR,0.0
OPMEACPS,0.0
ORNDC,0.0
ORNabcpp,0.0
ORNtex,-0.003439278499999958
OROTt2_2pp,0.0
OROTtex,0.0
ORPT,-0.2118925681399832
OXAMTC,0.0
OXCDC,0.0
OXCOAHDH,0.0
OXDHCOAT,0.0
P5CD,0.0
P5CR,0.0
PA120abcpp,0.0
PA140abcpp,0.0
PA141abcpp,0.0
PA160abcpp,0.0
PA161abcpp,0.0
PA180abcpp,0.0
PA181abcpp,0.0
PACALDt2rpp,0.0
PACALDtex,0.0
PACCOAE,0.0
PACCOAL,0.0
PANTS,0.0
PAPA120,0.0
PAPA120pp,0.0
PAPA140,0.0
PAPA140pp,0.0
PAPA141,0.0
PAPA141pp,0.0
PAPA160,0.0
PAPA160pp,0.0
PAPA161,0.0
PAPA161pp,0.0
PAPA180,0.0
PAPA180pp,0.0
PAPA181,0.0
PAPA181pp,0.0
PAPPT3,2.3235310744873304e-14
PAPSR,0.0
PAPSR2,0.0
PDE1,0.00259
PDE4,0.00268
PDH,0.2164278523
PDX5PO2,0.0
PDX5POi,0.0
PDX5PS,0.0
PDXPP,0.0
PE120abcpp,0.0
PE140abcpp,0.0
PE141abcpp,0.0
PE160abcpp,0.0
PE161abcpp,0.0
PE180abcpp,0.0
PE181abcpp,-5.2141048880979806e-17
PEAMNOpp,0.0
PEAMNtex,0.0
PERD,0.0
PETNT161pp,0.0
PETNT181pp,0.0
PFK,0.0815111472
PFK_2,0.0
PFK_3,0.0
PFL,0.0
PG120abcpp,0.0
PG140abcpp,4.0657581468206416e-19
PG141abcpp,0.0
PG160abcpp,0.0
PG161abcpp,0.0
PG180abcpp,-2.0328790734103208e-19
PG181abcpp,0.0
PGAMT,-0.07287414888511842
PGCD,0.0
PGI,-0.0588599596
PGK,-0.4580826715012658
PGL,0.0001774753
PGLYCP,0.0
PGM,-0.45918778980000047
PGMT,-1.6872376191467329
PGP120abcpp,0.0
PGP140abcpp,0.0
PGP141abcpp,0.0
PGP160abcpp,0.0
PGP161abcpp,0.0
PGP180abcpp,0.0
PGP181abcpp,0.0
PGPP120,0.0
PGPP120pp,0.0
PGPP140,0.0
PGPP140pp,0.0
PGPP141,0.0
PGPP141pp,0.0
PGPP160,0.0
PGPP160pp,0.0
PGPP161,0.0
PGPP161pp,0.0
PGPP180,0.0
PGPP180pp,0.0
PGPP181,0.0
PGPP181pp,0.0
PGSA120,-8.414516322357471e-29
PGSA140,1.8391728533152716e-28
PGSA141,0.0
PGSA160,0.0
PGSA161,0.0
PGSA180,0.0
PGSA181,0.0
PHEMEabcpp,0.0
PHEMEtiex,0.0
PHETA1,-0.062321343570609776
PHETRS,0.0
PHEt2rpp,-0.06232134357059805
PHEtex,-0.06232134357059805
PHYTSpp,4.2072581611787294e-30
PIt2rpp,-0.0286343888
PItex,1.548414174656898e-13
PIuabcpp,0.0
PLIPA1A120pp,0.0
PLIPA1A140pp,0.0
PLIPA1A141pp,0.0
PLIPA1A160pp,0.0
PLIPA1A161pp,0.0
PLIPA1A180pp,0.0
PLIPA1A181pp,0.0
PLIPA1E120pp,4.622231866529366e-33
PLIPA1E140pp,0.0
PLIPA1E141pp,0.0
PLIPA1E160pp,0.0
PLIPA1E161pp,0.0
PLIPA1E180pp,0.0
PLIPA1E181pp,-5.64939450353589e-33
PLIPA1G120pp,0.0
PLIPA1G140pp,0.0
PLIPA1G141pp,0.0
PLIPA1G160pp,0.0
PLIPA1G161pp,0.0
PLIPA1G180pp,0.0
PLIPA1G181pp,0.0
PLIPA2A120pp,1.3353114281084837e-32
PLIPA2A140pp,0.0
PLIPA2A141pp,0.0
PLIPA2A160pp,0.0
PLIPA2A161pp,0.0
PLIPA2A180pp,0.0
PLIPA2A181pp,0.0
PLIPA2E120pp,0.0
PLIPA2E140pp,-2.311115933264683e-33
PLIPA2E141pp,0.0
PLIPA2E160pp,0.0
PLIPA2E161pp,0.0
PLIPA2E180pp,0.0
PLIPA2E181pp,0.0
PLIPA2G120pp,0.0
PLIPA2G140pp,0.0
PLIPA2G141pp,0.0
PLIPA2G160pp,0.0
PLIPA2G161pp,0.0
PLIPA2G180pp,0.0
PLIPA2G181pp,0.0
PMANM,-1.6872376191543026
PMDPHT,0.0
PMEACPE,0.0
PMPK,0.0
PNTK,-7.817357872141883e-14
PNTOt4pp,0.0
PNTOtex,0.0
POAACR,0.0
POR5,-0.8798662786001021
POX,0.0
PPA,0.0
PPA2,0.0
PPAKr,0.0
PPALtex,0.0
PPALtpp,0.0
PPAt4pp,0.0
PPAtex,0.0
PPBNGS,0.0
PPC,9.96e-09
PPCDC,0.0
PPCK,-0.2155424939
PPCSCT,0.0
PPGPPDP,0.0
PPK2r,-1.6872376191482552
PPKr,-1000.0
PPM,-1000.0
PPM2,0.0
PPNCL2,-1.9689983941232332e-28
PPND,0.0
PPNDH,0.0
PPPGO,0.0
PPPGO3,0.0
PPPNDO,0.0
PPPNt2rpp,0.0
PPPNtex,0.0
PPS,9.56e-07
PPTHpp,0.0
PPTtex,0.0
PRAGSr,0.0
PRAIS,0.0
PRAIi,0.0
PRAMPC,0.0
PRASCSi,1.906722003161489e-13
PRATPP,0.0
PRFGS,0.0
PRMICI,0.0
PROD2,0.0
PROGLYabcpp,0.0
PROGLYtex,0.0
PROTRS,0.0
PROabcpp,0.0
PROt2rpp,-1000.0
PROt4pp,0.0
PROtex,-0.1305085137040578
PRPPS,-1000.0
PSCLYSt2pp,0.0
PSCLYStex,0.0
PSCVT,0.0
PSD120,1.7322963797917765e-18
PSD140,-3.0814879110195774e-33
PSD141,5.787890448322738e-19
PSD160,0.0
PSD161,-3.3741044318272867e-19
PSD180,0.0
PSD181,0.0
PSERT,0.0
PSERtex,0.0
PSP_L,0.0
PSP_Lpp,0.0
PSSA120,0.0
PSSA140,0.0
PSSA141,0.0
PSSA160,0.0
PSSA161,0.0
PSSA180,0.0
PSSA181,0.0
PTA2,0.0
PTAr,0.0007086184
PTHRpp,0.0
PTPATi,2.7755575615628914e-17
PTRCORNt7pp,-2.9231809459845373
PTRCTA,0.0
PTRCabcpp,0.0
PTRCt2pp,0.0
PTRCtex,-0.0034392784996956313
PUNP1,-1.6872376191471403
PUNP2,-0.2653272734006418
PUNP3,-0.0726835561017441
PUNP4,-1.2198020371556595e-12
PUNP5,-1.6872376191513467
PUNP6,1.5407439555097887e-33
PUNP7,-1.6872376191513467
PYAM5PO,0.0
PYDAMK,-3.7895612573872014e-14
PYDAMtex,-3.7895612573872014e-14
PYDAMtpp,0.0
PYDXK,0.0
PYDXNK,0.0
PYDXNtex,0.0
PYDXNtpp,0.0
PYDXPP,0.0
PYDXtex,0.0
PYDXtpp,0.0
PYK,0.0003181028
PYNP2r,-1.6872376191513467
PYROX,0.0
PYRt2rpp,-0.3116217997799874
PYRtex,-0.3116217997799875
QMO2,0.0
QMO3,0.0
QUIN2tex,-0.0723550625000001
QUIN2tpp,-0.07235506249999997
QUINDH,-0.07235506249999997
QULNS,0.0
R15BPK,0.0
R1PK,0.0
R5PP,0.0
R5PPpp,0.0
R5Ptex,0.0
RBFK,0.0
RBFSa,0.0
RBFSb,0.0
RBK,0.0
RBK_L1,0.0
RBP4E,0.0
REPHACCOAI,0.0
RFAMPtex,0.0
RFAMPtpp,0.0
RHAT1,-1.7798985664970366e-18
RHCCE,-7.705603167328716e-17
RIBabcpp,0.0
RIBtex,0.0
RMI,0.0
RMK,0.0
RMNtex,0.0
RMNtpp,0.0
RMPA,0.0
RNDR1,0.0
RNDR1b,0.0
RNDR2,0.0
RNDR2b,0.0
RNDR3,0.0
RNDR3b,0.0
RNDR4,0.0
RNDR4b,0.0
RNTR1c2,0.0
RNTR2c2,0.0
RNTR3c2,0.0
RNTR4c2,0.0
RPE,-0.005050407002601901
RPI,-0.0701590433
RZ5PP,0.0
S2FE2SR,0.0
S2FE2SS,-8.725465898248543e-09
S2FE2SS2,0.0
S2FE2ST,0.0
S4FE4SR,0.0
S4FE4ST,2.625802136488331e-20
S7PI,0.0
SADH,0.0
SADT2,1.9981949577051057e-16
SARCOX,0.0
SBTPD,0.0
SBTptspp,0.0
SBTtex,0.0
SCYSDS,0.0
SDPDS,2.688821387764051e-17
SDPTA,-0.09631480370013186
SELCYSS,0.0
SELGTHR,0.0
SELGTHR2,0.0
SELGTHR3,0.0
SELNPS,0.0
SELR,0.0
SELtex,0.0
SELtpp,0.0
SEPHCHCS,0.0
SERASr,0.0
SERAT,0.0
SERD_D,0.0
SERD_L,0.0
SERTRS,0.0
SERTRS2,0.0
SERt2rpp,-1000.0
SERt4pp,0.0
SERtex,-0.18247173996019228
SFGTHi,0.0
SGDS,0.0
SGSAD,0.0
SHCHCS3,0.0
SHCHD2,0.0
SHCHF,0.0
SHK3Dr,-1.682903264471494e-29
SHKK,-1.682903264471494e-29
SHSL1,0.0
SKMt2pp,0.0
SKMtex,0.0
SLNTtex,0.0
SLNTtpp,0.0
SO2tex,0.0
SO2tpp,0.0
SO3tex,0.0
SO4t2pp,0.0
SO4tex,0.0
SOTA,0.0
SPMDAT1,0.0
SPMDAT2,0.0
SPMDabcpp,0.0
SPMDt3pp,0.0
SPMDtex,-0.0017196392499999999
SPMS,5.048709793414476e-29
SPODM,0.0
SPODMpp,0.0
SSALx,0.0
SSALy,0.0
SUCASPtpp,0.0
SUCBZL,0.0
SUCBZS,0.0
SUCCt2_2pp,0.0
SUCCt2_3pp,0.0
SUCCt3pp,0.0
SUCCtex,-0.22336407668770858
SUCDi,0.0035455949
SUCFUMtpp,0.0
SUCMALtpp,0.0
SUCOAS,-0.1653589585
SUCRtex,0.0
SUCTARTtpp,0.0
SUCptspp,0.0
SULFACabcpp,0.0
SULFACtex,0.0
SULRi,0.0
SULabcpp,0.0
T2DECAI,0.0
TAGURr,0.0
TALA,-0.0025245128
TARTD,0.0
TARTRDtex,0.0
TARTRt7pp,0.0
TARTRtex,0.0
TARTt2_3pp,0.0
TAUDO,0.0
TAURabcpp,0.0
TAURtex,0.0
TCYNTtex,0.0
TDP,0.0
TDPADGAT,6.310887241768095e-30
TDPAGTA,0.0
TDPDRE,2.2420775429197074e-45
TDPDRR,2.2420775429197074e-45
TDPGDH,0.0
TDSK,0.0
TDSR1,8.414516322357396e-30
TDSR2,8.414516322357396e-30
TGBPA,0.0
THD2pp,0.0
THDPS,-4.784263215093008e-18
THFAT,0.0
THIORDXi,0.0
THMDt2pp,0.0
THMDt2rpp,-1000.0
THMDtex,-0.05486587282450728
THMabcpp,0.0
THMtex,0.0
THRA2i,0.0
THRAi,0.0
THRD,0.0
THRD_L,0.0
THRPtex,0.0
THRS,0.0
THRTRS,0.0
THRabcpp,0.0
THRt2pp,0.0
THRt2rpp,-1000.0
THRt4pp,0.0
THRtex,-0.14729267733332563
THYMt3pp,0.0
THYMtex,-0.14126171209302588
THZPSN3,0.0
TKT1,-0.0025245128
TKT2,-0.0025258942
TMAOR1,0.0
TMAOR1pp,0.0
TMAOR2,0.0
TMAOR2pp,0.0
TMAOtex,0.0
TMAtex,0.0
TMDK1,0.0
TMDPP,1.6450057462036316e-16
TMDS,5.278763537397424e-15
TMK,0.0
TMPK,0.0
TMPPP,0.0
TPI,0.0813861791
TPRDCOAS,0.0
TRDR,0.0
TRE6PH,0.0
TRE6PP,0.0
TRE6PS,0.0
TREH,0.0
TREHpp,0.0
TREptspp,0.0
TREtex,0.0
TRPAS2,-0.036342468749938316
TRPS1,0.0
TRPS2,0.0
TRPS3,0.0
TRPTRS,0.0
TRPt2rpp,-0.036342468749977215
TRPtex,-0.036342468749977215
TRSARr,-1000.0
TSULabcpp,0.0
TSULtex,0.0
TTDCAtexi,0.0
TTDCEAtexi,0.0
TTRCYCtex,0.0
TTRCYCtpp,0.0
TUNGSabcpp,0.0
TUNGStex,0.0
TYMtex,0.0
TYRL,0.0
TYROXDApp,0.0
TYRPpp,0.0
TYRPtex,0.0
TYRTA,-0.06621642754377942
TYRTRS,0.0
TYRt2rpp,-0.06621642754377942
TYRtex,-0.06621642754377942
ThDPAT,0.0
U23GAAT,0.0
UAAGDS,0.0
UACGALPpp,0.0
UACGAMPpp,0.0
UACGAMtex,0.0
UACMAMO,0.0
UAG2E,0.0
UAGAAT,0.0
UAGCVT,0.0
UAGDP,0.0
UAGPT3,0.0
UAMAGS,0.0
UAMAS,0.0
UAPGR,0.0
UDCPDP,0.0
UDCPDPS,0.0
UDCPDPpp,0.0
UDCPPtppi,0.0
UDPACGALtex,0.0
UDPG4E,0.0
UDPGALM,0.0
UDPGALPpp,0.0
UDPGALtex,0.0
UDPGD,0.0
UDPGDC,0.0
UDPGLCURtex,0.0
UDPGPpp,0.0
UDPGtex,0.0
UDPKAAT,0.0
UGLCURPpp,0.0
UGLT,0.0
UGLYCH,0.0
UGMDDS,0.0
UHGADA,0.0
ULA4NFT,0.0
ULA4Ntppi,0.0
UM3PL,0.0
UM4PCP,0.0
UM4PL,0.0
UMPK,0.0
UMPtex,0.0
UPLA4FNF,0.0
UPLA4FNT,0.0
UPP3MT,0.0
UPP3S,0.0
UPPDC1,0.0
UPPRT,0.0
URACPAH,0.0
URAt2pp,0.0
URAt2rpp,-1000.0
URAtex,-0.21189256814011515
URDGLYCD,0.0
UREAtex,-0.003439278500000008
UREAtpp,-0.003439278500000008
URIC,0.0
URIH,0.0
URIK2,0.0
URIt2pp,0.0
URIt2rpp,-1000.0
URItex,-0.07113303513347091
USHD,0.0
VALTA,-1000.0
VALTRS,0.0
VALabcpp,0.0
VALt2rpp,-1.7996526680111629
VALtex,-0.1264855872397671
VPAMTr,-1000.0
WCOS,0.0
X5PL3E,0.0
XAND,0.0
XANt2pp,0.0
XANtex,-0.10601662882419237
XANtpp,-5.846361891898482
XMPtex,5.0487097934144744e-29
XPPT,0.0
XTSNH,0.0
XTSNt2rpp,-0.05618023801005974
XTSNtex,-0.05618023801005974
XYLI1,0.0
XYLI2,-0.2936683810904875
XYLK,0.0
XYLK2,0.0
XYLUt2pp,0.0
XYLUtex,0.0
XYLabcpp,0.0
XYLt2pp,0.0
XYLtex,0.0
ZN2abcpp,0.0
ZN2t3pp,0.0
ZN2tpp,0.0
ZNabcpp,0.0
Zn2tex,0.0
CIMA,0.0
CitraSink,0.0
